MONTH,PRECIPITATION
APR,34.342926819635025
AUG,306.3542499925781
DEC,119.54994980521862
FEB,97.30409607063419
JAN,100.32209249812597
JUL,324.97536058981524
JUN,51.491300298164845
MAR,80.2184866893474
MAY,17.508655501055756
NOV,73.85476852134295
OCT,89.53673025253276
SEP,163.6849611166176
