STATION,YEAR,JAN,FEB,MAR,APR,MAY,JUN,JUL,AUG,SEP,OCT,NOV,DEC
BOX,1923,0.0,30.0,35.0,9.0,0.0,0.0,583.0,315.0,70.0,0.0,335.0,187.0
DESST,1923,0.0,26.0,61.0,0.0,0.0,0.0,274.0,426.0,130.0,0.0,281.0,133.0
ERIOP,1923,0.0,51.0,49.0,22.0,0.0,0.0,479.0,337.0,67.0,0.0,300.0,178.0
FLORI,1923,0.0,47.0,87.0,66.0,0.0,0.0,784.0,636.0,33.0,0.0,619.0,360.0
FORES,1923,0.0,62.0,124.0,74.0,0.0,0.0,731.0,734.0,46.0,0.0,495.0,305.0
HUERF,1923,0.0,53.0,53.0,7.0,0.0,0.0,453.0,463.0,26.0,0.0,351.0,192.0
MUHLE,1923,0.0,31.0,37.0,0.0,0.0,0.0,393.0,447.0,208.0,0.0,290.0,151.0
NE,1923,0.0,33.0,39.0,28.0,0.0,0.0,301.0,441.0,44.0,0.0,227.0,124.0
NW,1923,0.0,24.0,39.0,0.0,0.0,0.0,215.0,398.0,36.0,0.0,187.0,108.0
PARKE,1923,12.0,152.0,61.0,78.0,0.0,0.0,674.0,652.0,0.0,0.0,580.0,400.0
ROAD,1923,0.8571428571428571,50.0,52.0,41.0,0.0,0.0,568.0,588.0,66.0,0.0,385.0,173.0
ROBIN,1923,0.0,55.0,60.0,0.0,0.0,0.0,507.0,538.0,47.0,0.0,402.0,180.0
RODEN,1923,0.0,63.0,54.0,44.0,0.0,0.0,642.0,548.0,61.0,0.0,340.0,92.0
SW,1923,0.0,30.0,48.0,27.0,0.0,0.0,626.0,434.0,89.0,0.0,197.0,118.0
WHITE,1923,0.0,54.0,116.0,40.0,0.0,0.0,724.0,635.0,75.0,0.0,439.0,232.0
BOX,1924,0.0,0.0,270.0,72.0,0.0,12.0,320.0,133.0,48.0,0.0,50.0,31.0
DESST,1924,0.0,0.0,237.0,80.0,0.0,9.0,185.0,98.0,0.0,0.0,0.0,148.0
ERIOP,1924,0.0,0.0,264.0,38.0,0.0,18.0,464.0,82.0,47.0,40.0,22.0,158.0
FLORI,1924,30.0,1.0,372.0,135.0,0.0,20.0,277.0,227.0,9.0,3.0,33.0,147.0
FORES,1924,12.0,0.0,316.0,97.0,0.0,20.0,149.0,201.0,0.0,0.0,27.0,147.0
HUERF,1924,0.0,0.0,297.0,52.0,0.0,11.0,442.0,134.0,0.0,0.0,30.0,132.0
MUHLE,1924,0.0,0.0,286.0,64.0,0.0,10.0,187.0,143.0,0.0,0.0,0.0,168.0
NE,1924,0.0,0.0,259.0,35.0,0.0,25.0,209.0,254.0,0.0,0.0,28.0,137.0
NW,1924,0.0,0.0,227.0,61.0,0.0,8.0,125.0,41.0,0.0,0.0,0.0,104.0
PARKE,1924,30.0,0.0,318.0,45.0,0.0,14.0,395.0,273.0,35.0,0.0,55.0,142.0
ROAD,1924,0.0,0.0,312.0,54.0,0.0,15.0,214.0,134.0,77.0,0.0,38.0,119.0
ROBIN,1924,0.0,0.0,245.0,34.0,0.0,15.0,399.0,220.0,18.0,0.0,61.0,90.0
RODEN,1924,0.0,0.0,285.0,43.0,0.0,14.0,227.0,122.0,31.0,0.0,0.0,153.0
RUELA,1924,0.0,0.0,205.0,27.0,0.0,16.0,355.0,220.0,0.0,0.0,40.0,84.0
SW,1924,15.0,0.0,285.0,38.0,0.0,18.0,335.0,109.0,0.0,0.0,24.0,110.0
WHITE,1924,0.0,0.0,374.0,72.0,0.0,21.0,191.0,173.0,0.0,0.0,25.0,135.0
BOX,1925,0.0,0.0,17.0,35.0,0.0,87.0,209.0,393.0,94.0,123.0,189.0,50.0
DESST,1925,0.0,0.0,20.0,47.0,0.0,210.0,151.0,281.0,118.0,136.0,197.0,44.0
ERIOP,1925,0.0,0.0,10.0,27.0,0.0,99.0,187.0,339.0,108.0,136.0,175.0,48.0
FLORI,1925,16.0,0.0,68.0,58.0,26.0,201.0,504.0,72.0,83.0,174.0,185.0,80.0
FORES,1925,0.0,0.0,48.0,49.0,0.0,234.0,172.0,177.0,85.0,143.0,172.0,84.0
HUERF,1925,0.0,0.0,10.0,34.0,0.0,105.0,172.0,424.0,171.0,148.0,181.0,55.0
MUHLE,1925,0.0,0.0,11.0,47.0,0.0,177.0,192.0,320.0,136.0,137.0,185.0,46.0
NE,1925,0.0,0.0,6.0,55.0,0.0,187.0,50.0,232.0,192.0,54.0,213.0,50.0
NW,1925,0.0,0.0,4.0,43.0,0.0,85.0,193.0,150.0,160.0,145.0,179.0,29.0
PARKE,1925,15.0,0.0,0.0,40.0,0.0,136.0,379.0,323.0,109.0,179.0,190.0,105.0
ROAD,1925,0.0,0.0,13.0,50.0,0.0,150.0,214.0,274.0,214.0,157.0,152.0,64.0
ROBIN,1925,0.0,0.0,40.0,40.0,0.0,143.0,255.0,574.0,134.0,185.0,165.0,50.0
RODEN,1925,0.0,0.0,10.0,31.0,0.0,127.0,267.0,323.0,118.0,145.0,155.0,54.0
RUELA,1925,0.0,0.0,0.0,39.0,0.0,80.0,237.0,570.0,145.0,90.0,235.0,43.0
SW,1925,0.0,0.0,8.0,28.0,0.0,106.0,357.0,465.0,127.0,131.0,192.0,38.0
WHITE,1925,0.0,0.0,27.0,28.0,0.0,120.0,138.0,311.0,63.0,156.0,135.0,70.0
BOX,1926,130.0,100.0,180.0,127.0,0.0,8.0,259.0,34.0,369.0,57.0,0.0,262.0
DESST,1926,107.0,79.0,196.0,142.0,17.0,5.0,197.0,82.0,360.0,113.0,0.0,208.0
ERIOP,1926,112.0,94.0,223.0,106.0,17.0,5.0,244.0,45.0,374.0,154.0,0.0,188.0
FLORI,1926,209.0,119.0,236.0,169.0,57.0,33.0,396.0,217.0,595.0,86.0,0.0,452.0
FORES,1926,164.0,97.0,203.0,143.0,41.0,22.0,347.0,225.0,499.0,149.0,0.0,338.0
HUERF,1926,144.0,116.0,262.0,151.0,6.0,6.0,395.0,126.0,424.0,170.0,0.0,270.0
MUHLE,1926,126.0,101.0,210.0,132.0,13.0,5.0,218.0,153.0,423.0,180.0,0.0,209.0
NE,1926,153.0,70.0,188.0,126.0,20.0,3.0,239.0,109.0,240.0,38.0,0.0,241.0
NW,1926,66.0,56.0,109.0,124.0,40.0,3.0,190.0,106.0,355.0,59.0,0.0,164.0
PARKE,1926,184.0,100.0,203.0,168.0,15.0,70.0,379.0,137.0,330.0,60.0,0.0,406.0
ROAD,1926,102.0,97.0,157.0,121.0,24.0,10.0,244.0,245.0,439.0,82.0,0.0,230.0
ROBIN,1926,154.0,118.0,226.0,177.0,17.0,29.0,317.0,65.0,408.0,268.0,0.0,297.0
RODEN,1926,96.0,88.0,144.0,98.0,20.0,3.0,217.0,161.0,412.0,100.0,0.0,214.0
RUELA,1926,137.0,118.0,225.0,190.0,0.0,5.0,272.0,132.0,412.0,225.0,0.0,225.0
SW,1926,116.0,129.0,162.0,136.0,4.0,8.0,169.0,138.0,516.0,87.0,0.0,200.0
WHITE,1926,123.0,85.0,180.0,157.0,18.0,15.0,240.0,185.0,435.0,35.0,0.0,248.0
BOX,1927,18.0,112.0,98.0,37.0,0.0,16.0,124.0,498.0,214.0,13.0,29.0,226.0
DESST,1927,18.0,104.0,113.0,9.0,1.0,22.0,81.0,283.0,175.0,17.0,25.0,170.0
ERIOP,1927,18.0,92.0,93.0,64.0,0.0,14.0,133.0,495.0,254.0,12.0,22.0,200.0
FLORI,1927,23.0,169.0,185.0,73.0,22.0,89.0,300.0,384.0,241.0,18.0,35.0,290.0
FORES,1927,22.0,155.0,148.0,56.0,30.0,52.0,238.0,327.0,209.0,18.0,31.0,232.0
HUERF,1927,18.0,110.0,121.0,83.0,0.0,27.0,173.0,444.0,527.0,12.0,26.0,229.0
MUHLE,1927,20.0,109.0,100.0,52.0,0.0,25.0,144.0,302.0,182.0,14.0,22.0,200.0
NE,1927,18.0,114.0,108.0,47.0,10.0,0.0,260.0,446.0,210.0,12.0,33.0,241.0
NW,1927,18.0,88.0,87.0,0.0,11.0,8.0,132.0,279.0,172.0,12.0,22.0,167.0
PARKE,1927,0.0,123.0,139.0,89.0,15.0,30.0,270.0,380.0,213.0,18.0,21.0,272.0
ROAD,1927,18.0,108.0,107.0,41.0,0.0,35.0,185.0,350.0,243.0,15.0,24.0,223.0
ROBIN,1927,20.0,93.0,121.0,48.0,21.0,35.0,225.0,434.0,198.0,12.0,15.0,308.0
RODEN,1927,20.0,113.0,90.0,27.0,0.0,35.0,150.0,270.0,184.0,13.0,29.0,232.0
RUELA,1927,0.0,90.0,111.0,60.0,0.0,0.0,155.0,575.0,520.0,10.0,17.0,240.0
SW,1927,22.0,143.0,97.0,32.0,40.0,0.0,301.0,240.0,267.0,18.0,24.0,205.0
WHITE,1927,22.0,141.0,130.0,63.0,0.0,44.0,240.0,550.0,349.0,19.0,42.0,258.0
BOX,1928,0.0,186.0,0.0,8.0,0.0,0.0,192.0,324.0,53.0,89.0,42.0,62.0
DESST,1928,0.0,155.0,0.0,6.0,0.0,0.0,165.0,157.0,116.0,55.0,47.0,69.0
ERIOP,1928,0.0,182.0,0.0,8.0,0.0,0.0,257.0,206.0,124.0,83.0,59.0,58.0
FLORI,1928,11.0,326.0,0.0,20.0,47.0,2.0,424.0,258.0,44.0,151.0,82.0,62.0
FORES,1928,5.0,277.0,0.0,0.0,5.0,0.0,308.0,197.0,51.0,112.0,59.0,67.0
HUERF,1928,0.0,184.0,0.0,15.0,14.0,0.0,224.0,259.0,188.0,91.0,46.0,58.0
MUHLE,1928,0.0,181.0,0.0,8.0,0.0,0.0,228.0,199.0,104.0,72.0,69.0,61.0
NE,1928,0.0,91.0,0.0,0.0,0.0,0.0,157.0,182.0,154.0,64.0,103.0,13.0
NW,1928,0.0,138.0,0.0,2.0,1.0,0.0,214.0,185.0,70.0,38.0,32.0,55.0
PARKE,1928,0.0,260.0,0.0,0.0,0.0,0.0,482.0,64.0,0.0,43.0,82.0,74.0
ROAD,1928,0.0,190.0,0.0,0.0,0.0,0.0,217.0,344.0,170.0,89.0,29.0,61.0
ROBIN,1928,0.0,250.0,0.0,0.0,0.0,0.0,277.0,563.0,19.0,115.0,45.0,70.0
RODEN,1928,0.0,184.0,0.0,0.0,0.0,0.0,186.0,243.0,122.0,80.0,29.0,56.0
RUELA,1928,0.0,230.0,0.0,0.0,18.0,0.0,128.0,378.0,60.0,50.0,60.0,56.0
SW,1928,0.0,189.0,0.0,4.466666666666667,5.666666666666667,0.0,186.0,323.0,94.0,80.0,20.0,59.0
WHITE,1928,3.0,180.0,0.0,0.0,0.0,0.0,312.0,371.0,140.0,106.0,44.0,67.0
BOX,1929,72.0,153.0,87.0,38.0,0.0,26.0,212.0,391.0,397.0,0.0,19.0,31.0
DESST,1929,70.0,98.0,69.0,21.0,0.0,0.0,179.0,187.0,252.0,0.0,5.0,31.0
ERIOP,1929,70.0,135.0,84.0,34.0,0.0,0.0,211.0,403.0,375.0,0.0,3.0,31.0
FLORI,1929,131.0,199.0,121.0,47.0,28.0,105.0,993.0,363.0,385.0,36.0,18.0,52.0
FORES,1929,91.0,157.0,103.0,48.0,10.0,94.0,693.0,316.0,304.0,16.0,11.0,47.0
HUERF,1929,69.0,155.0,97.0,25.0,0.0,0.0,309.0,350.0,348.0,0.0,12.0,31.0
MUHLE,1929,69.0,129.0,87.0,19.0,0.0,0.0,176.0,175.0,285.0,0.0,10.0,28.0
NE,1929,67.0,120.0,75.0,24.0,0.0,0.0,130.0,230.0,290.0,0.0,9.0,28.0
NW,1929,50.0,74.0,40.0,15.0,0.0,0.0,141.0,128.0,269.0,0.0,6.0,24.0
PARKE,1929,99.0,100.0,90.0,69.0,4.0,33.0,690.0,550.0,355.0,0.0,20.0,34.0
ROAD,1929,59.0,160.0,93.0,24.0,0.0,117.0,317.0,255.0,481.0,3.0,11.0,28.0
ROBIN,1929,57.0,169.0,100.0,65.0,17.0,0.0,471.0,372.0,320.0,0.0,0.0,102.0
RODEN,1929,53.0,137.0,86.0,16.0,0.0,43.0,170.0,210.0,436.0,0.0,2.0,29.0
RUELA,1929,60.0,70.0,90.0,65.0,0.0,0.0,353.0,235.0,330.0,0.0,30.0,65.0
SW,1929,56.0,125.0,84.0,30.0,0.0,65.0,125.0,175.0,303.0,0.0,2.0,40.0
WHITE,1929,78.0,158.0,103.0,16.0,9.0,120.0,422.0,377.0,353.0,0.0,14.0,38.0
BOX,1930,187.0,97.0,221.0,13.0,130.0,163.0,253.0,203.0,10.0,19.0,308.0,45.0
DESST,1930,207.0,65.0,183.0,4.0,85.0,180.0,254.0,190.0,4.0,3.0,200.0,88.0
ERIOP,1930,208.0,98.0,210.0,0.0,128.0,183.0,470.0,246.0,0.0,6.0,290.0,0.0
FLORI,1930,374.0,105.0,397.0,16.0,179.0,322.0,439.0,401.0,36.0,30.0,398.0,67.0
FORES,1930,249.0,87.0,244.0,12.0,129.0,243.0,353.0,324.0,31.0,20.0,285.0,122.0
GRARI,1930,210.75,98.625,250.4375,15.25,117.6875,215.375,290.3125,268.3125,14.625,10.266666666666667,253.6875,5.0
HUERF,1930,206.0,118.0,212.0,11.0,103.0,207.0,318.0,328.0,57.0,12.0,245.0,75.0
MUHLE,1930,200.0,86.0,205.0,6.0,95.0,170.0,219.0,236.0,0.0,0.0,225.0,77.0
NE,1930,210.0,99.0,193.0,9.0,117.0,205.0,234.0,121.0,0.0,0.0,186.0,74.0
NW,1930,171.0,51.0,143.0,5.0,59.0,163.0,205.0,85.0,0.0,0.0,128.0,74.0
PARKE,1930,272.0,83.0,347.0,16.0,66.0,182.0,334.0,360.0,0.0,0.0,310.0,70.0
ROAD,1930,205.0,86.0,298.0,16.0,129.0,291.0,242.0,242.0,32.0,15.0,215.0,49.0
ROBIN,1930,235.0,105.0,298.0,33.0,114.0,200.0,349.0,310.0,0.0,13.0,313.0,45.0
RODEN,1930,119.0,151.0,266.0,7.0,148.0,302.0,284.0,236.0,24.0,16.0,242.0,48.0
RUELA,1930,190.0,158.0,215.0,0.0,160.0,220.0,155.0,290.0,0.0,10.0,235.0,0.0
SW,1930,126.0,94.0,295.0,86.0,126.0,255.0,209.0,269.0,26.0,10.266666666666667,214.0,81.0
WHITE,1930,213.0,95.0,280.0,10.0,115.0,160.0,327.0,452.0,14.0,10.0,265.0,52.0
18,1931,101.0,305.6470588235294,2.5625,75.3125,12.0,185.5,110.0,1401.0,225.0,20.0,268.52941176470586,81.29411764705883
BOX,1931,96.0,288.0,0.0,81.0,0.0,237.0,213.0,1194.0,244.0,4.0,267.0,90.0
DESST,1931,110.0,255.0,7.0,26.0,5.0,73.0,278.0,710.0,132.0,0.0,260.0,65.0
ERIOP,1931,100.0,254.0,5.0,68.0,0.0,160.0,228.0,1053.0,146.0,14.0,219.0,60.0
FLORI,1931,149.0,544.0,0.0,119.0,11.0,318.0,302.0,1127.0,619.0,20.0,464.0,148.0
FORES,1931,135.0,413.0,0.0,154.0,16.0,276.0,237.0,1162.0,477.0,8.0,390.0,129.0
GRARI,1931,52.0,308.0,2.5625,75.3125,12.0,185.5,255.05882352941177,1041.1176470588234,269.4117647058824,20.0,172.0,31.0
HUERF,1931,130.0,280.0,7.0,60.0,5.0,230.0,201.0,1105.0,220.0,65.0,236.0,81.0
MUHLE,1931,112.0,234.0,5.0,40.0,0.0,85.0,197.0,832.0,156.0,0.0,244.0,61.0
NE,1931,115.0,186.0,3.0,43.0,16.0,53.0,370.0,765.0,104.0,21.0,246.0,55.0
NW,1931,100.0,205.0,0.0,26.0,27.0,65.0,180.0,403.0,53.0,21.0,198.0,38.0
PARKE,1931,109.0,425.0,3.0,100.0,5.0,320.0,275.0,780.0,480.0,15.0,293.0,102.0
ROAD,1931,86.0,263.0,7.0,91.0,7.0,180.0,346.0,1074.0,209.0,2.0,293.0,69.0
ROBIN,1931,90.0,359.0,0.0,85.0,12.0,352.0,288.0,1184.0,350.0,48.0,195.0,121.0
RODEN,1931,67.0,262.0,0.0,47.0,12.0,137.0,186.0,1248.0,149.0,10.0,268.0,71.0
RUELA,1931,85.0,305.0,0.0,70.0,35.0,219.0,239.0,1473.0,470.0,87.0,235.0,80.0
SW,1931,78.0,248.0,4.0,64.0,6.0,108.0,332.0,1052.0,136.0,0.0,294.0,73.0
WHITE,1931,103.0,367.0,0.0,131.0,35.0,155.0,354.0,1136.0,410.0,5.0,291.0,108.0
18,1932,107.17647058823529,231.41176470588235,27.647058823529413,20.72222222222222,0.0,32.111111111111114,347.0,287.0,44.77777777777778,166.88888888888889,0.0,186.88888888888889
BOX,1932,100.0,249.0,41.0,23.0,0.0,56.0,542.0,458.0,30.0,152.0,0.0,175.0
DESGR,1932,107.17647058823529,231.41176470588235,27.647058823529413,28.0,0.0,13.0,455.0,349.0,38.0,191.0,0.0,179.0
DESST,1932,106.0,160.0,22.0,5.0,0.0,0.0,450.0,133.0,39.0,176.0,0.0,189.0
ERIOP,1932,85.0,208.0,11.0,12.0,0.0,0.0,594.0,309.0,25.0,127.0,0.0,182.0
FLORI,1932,165.0,337.0,44.0,53.0,0.0,69.0,657.0,393.0,53.0,207.0,0.0,193.0
FORES,1932,127.0,292.0,20.0,35.0,0.0,50.0,517.0,345.0,44.0,207.0,0.0,200.0
GRARI,1932,101.0,162.0,12.0,2.0,0.0,41.0,486.0,100.0,18.0,146.0,0.0,199.0
HUERF,1932,125.0,230.0,33.0,19.0,0.0,0.0,637.0,274.0,50.0,130.0,0.0,195.0
MUHLE,1932,103.0,184.0,15.0,20.0,0.0,0.0,493.0,151.0,18.0,180.0,0.0,174.0
NE,1932,130.0,163.0,12.0,23.0,0.0,0.0,904.0,122.0,160.0,139.0,0.0,196.0
NW,1932,70.0,117.0,4.0,3.0,0.0,0.0,395.0,114.0,25.0,112.0,0.0,155.0
PARKE,1932,113.0,293.0,38.0,24.0,0.0,67.0,365.0,354.0,28.0,142.0,0.0,164.0
ROAD,1932,92.0,225.0,35.0,28.0,0.0,30.0,445.0,416.0,35.0,265.0,0.0,159.0
ROBIN,1932,96.0,254.0,40.0,20.0,0.0,72.0,482.0,303.0,45.0,110.0,0.0,200.0
RODEN,1932,65.0,208.0,35.0,22.0,0.0,29.0,445.0,308.0,13.0,245.0,0.0,171.0
RUELA,1932,125.0,374.0,34.0,14.0,0.0,70.0,555.0,499.0,19.0,139.0,0.0,236.0
SW,1932,90.0,185.0,44.0,10.0,0.0,29.0,478.0,158.0,56.0,151.0,0.0,202.0
WHITE,1932,129.0,293.0,30.0,32.0,0.0,52.0,381.0,533.0,110.0,185.0,0.0,195.0
18,1933,101.94444444444444,40.0,0.0,17.77777777777778,0.0,36.0,250.0,251.0,247.0,80.0,120.0,40.0
BOX,1933,100.0,37.0,0.0,14.0,0.0,32.0,230.0,174.0,135.0,53.0,125.0,16.0
DESGR,1933,114.0,45.0,0.0,20.0,0.0,31.0,320.0,253.0,196.0,66.0,92.0,59.0
DESST,1933,78.0,25.0,0.0,28.0,0.0,31.0,273.0,95.0,252.0,160.0,72.0,22.0
ERIOP,1933,83.0,17.0,0.0,12.0,0.0,14.0,254.0,185.0,172.0,61.0,115.0,18.0
FLORI,1933,154.0,73.0,0.0,40.0,0.0,38.0,423.0,221.0,170.0,63.0,203.0,25.0
FORES,1933,131.0,42.0,0.0,26.0,0.0,53.0,414.0,229.0,163.0,62.0,176.0,20.0
GRARI,1933,79.0,26.0,0.0,9.0,0.0,21.0,283.0,257.0,235.0,46.0,88.0,24.0
HUERF,1933,94.0,30.0,0.0,14.0,0.0,17.0,178.0,170.0,164.0,46.0,108.0,21.0
MUHLE,1933,83.0,6.0,0.0,9.0,0.0,15.0,181.0,93.0,109.0,45.0,89.0,28.0
NE,1933,97.0,48.0,0.0,12.0,0.0,33.0,200.0,94.0,187.0,87.0,85.0,13.0
NW,1933,62.0,22.0,0.0,14.0,0.0,50.0,274.0,89.0,186.0,60.0,61.0,13.0
PARKE,1933,120.0,50.0,0.0,25.0,0.0,28.0,234.0,239.0,238.0,83.0,145.0,15.0
ROAD,1933,115.0,29.0,0.0,12.0,0.0,120.0,156.0,246.0,244.0,134.0,114.0,20.0
ROBIN,1933,110.0,60.0,0.0,15.0,0.0,47.0,383.0,204.0,291.0,64.0,130.0,25.0
RODEN,1933,94.0,37.0,0.0,13.0,0.0,73.0,120.0,220.0,266.0,51.0,103.0,21.0
RUELA,1933,127.0,16.0,0.0,15.0,0.0,45.0,207.0,151.0,233.0,76.0,115.0,35.0
SW,1933,83.0,35.0,0.0,11.0,0.0,55.0,257.0,181.0,258.0,207.0,86.0,26.0
WHITE,1933,111.0,40.0,0.0,31.0,0.0,27.0,298.0,222.0,239.0,83.0,140.0,21.0
18,1934,48.0,124.0,27.0,0.0,6.0,27.0,155.0,277.0,0.0,0.05263157894736842,73.0,235.0
BOX,1934,70.0,109.0,28.0,0.0,5.0,38.0,142.0,345.0,63.0,0.0,63.0,226.0
DESGR,1934,70.0,86.0,67.0,18.0,14.0,49.0,132.0,477.0,67.0,0.0,71.0,245.0
DESRI,1934,54.21052631578947,102.6842105263158,33.68421052631579,2.4210526315789473,7.7368421052631575,34.10526315789474,34.0,273.0,0.0,0.0,69.15789473684211,268.0
DESST,1934,38.0,122.0,25.0,3.0,0.0,21.0,302.0,207.0,7.0,0.0,73.0,205.0
ERIOP,1934,67.0,99.0,23.0,0.0,9.0,47.0,202.0,290.0,48.0,0.0,73.0,226.0
FLORI,1934,72.0,115.0,56.0,4.0,25.0,42.0,211.0,679.0,91.0,1.0,89.0,302.0
FORES,1934,84.0,98.0,51.0,1.0,7.0,52.0,185.0,607.0,90.0,0.0,84.0,280.0
GRARI,1934,49.0,70.0,33.0,7.0,4.0,30.0,208.0,184.0,42.0,0.0,74.0,224.0
HUERF,1934,43.0,118.0,32.0,9.0,12.0,36.0,213.0,282.0,60.0,0.0,85.0,233.0
MUHLE,1934,42.0,82.0,26.0,0.0,4.0,17.0,258.0,332.0,24.0,0.0,60.0,218.0
NE,1934,27.0,167.0,44.0,0.0,10.0,27.0,378.0,220.0,42.0,0.0,87.0,208.0
NW,1934,36.0,85.0,21.0,4.0,0.0,17.0,226.0,165.0,13.0,0.0,56.0,162.0
PARKE,1934,90.0,102.0,26.0,0.0,9.0,39.0,231.0,474.0,49.0,0.0,80.0,244.0
ROAD,1934,51.0,70.0,24.0,0.0,1.0,50.0,177.0,377.0,18.0,0.0,52.0,227.0
ROBIN,1934,58.0,118.0,30.0,0.0,25.0,0.0,203.0,333.0,0.0,0.0,80.0,260.0
RODEN,1934,50.0,101.0,30.0,0.0,0.0,44.0,212.0,429.0,10.0,0.0,38.0,212.0
RUELA,1934,26.0,130.0,35.0,0.0,15.0,30.0,213.0,293.0,0.0,0.0,81.0,237.0
SW,1934,39.0,77.0,31.0,0.0,0.0,26.0,218.0,267.0,0.0,0.0,32.0,157.0
WHITE,1934,70.0,78.0,31.0,0.0,1.0,56.0,181.0,780.0,26.0,0.0,63.0,273.0
18,1935,178.0,128.0,147.0,0.0,9.0,0.0,221.0,689.0,83.0,0.0,216.0,146.0
BOX,1935,170.0,126.0,149.0,0.0,13.0,0.0,159.0,645.0,216.0,0.0,228.0,153.0
DESGR,1935,198.0,129.0,181.0,0.0,18.0,0.0,137.0,683.0,304.0,0.0,246.0,154.0
DESRI,1935,169.0,127.0,187.0,0.0,5.0,0.0,134.0,480.0,182.0,0.0,199.0,119.0
DESST,1935,147.0,167.0,246.0,0.0,13.0,0.0,231.0,425.0,130.0,0.0,204.0,107.0
ERIOP,1935,166.0,130.0,168.0,0.0,8.0,0.0,151.0,587.0,217.0,0.0,248.0,130.0
FLORI,1935,272.0,224.0,264.0,0.0,26.0,2.0,288.0,871.0,245.0,0.0,277.0,182.0
FORES,1935,236.0,168.0,216.0,0.0,18.0,0.0,169.0,804.0,261.0,0.0,265.0,175.0
GRARI,1935,128.0,113.0,159.0,0.0,12.0,0.0,163.0,712.0,153.0,0.0,169.0,129.0
HUERF,1935,194.0,143.0,189.0,0.0,15.0,0.0,203.0,536.0,279.0,15.0,277.0,114.0
MUHLE,1935,154.0,130.0,104.0,0.0,12.0,0.0,160.0,654.0,129.0,0.0,203.0,126.0
NE,1935,184.0,140.0,178.0,0.0,0.0,0.0,126.0,453.0,135.0,0.0,202.0,113.0
NW,1935,107.0,162.0,133.0,0.0,11.0,0.0,173.0,316.0,100.0,0.7894736842105263,184.0,95.0
PARKE,1935,212.0,188.0,178.0,0.0,8.0,0.0,181.0,846.0,198.0,0.0,238.0,150.0
ROAD,1935,160.0,119.0,160.0,0.0,13.0,0.0,172.0,714.0,189.0,0.0,251.0,152.0
ROBIN,1935,212.0,132.0,208.0,0.0,40.0,0.0,154.0,930.0,48.0,0.0,263.0,204.0
RODEN,1935,157.0,121.0,148.0,0.0,9.0,0.0,173.0,812.0,213.0,0.0,236.0,142.0
RUELA,1935,110.0,116.0,204.0,0.0,20.0,0.0,246.0,558.0,195.0,0.0,342.0,139.0
SW,1935,135.0,113.0,132.0,0.0,5.0,0.0,247.0,622.0,148.0,0.0,205.0,140.0
WHITE,1935,239.0,133.0,161.0,0.0,12.0,0.0,61.0,934.0,181.0,0.0,250.0,143.0
18,1936,68.0,159.0,77.0,0.0,0.0,40.0,202.0,247.0,185.0,15.0,123.0,142.0
45,1936,69.6,150.25,77.75,1.65,0.0,24.0,360.0,163.0,138.0,22.0,108.0,122.0
BOX,1936,65.0,155.0,75.0,0.0,0.0,28.0,301.0,281.0,124.0,21.0,87.0,138.0
DESGR,1936,59.0,144.0,95.0,1.0,0.0,24.0,323.0,205.0,203.0,30.0,109.0,139.0
DESRI,1936,61.0,145.0,67.0,0.0,0.0,11.0,242.0,228.0,204.0,13.0,115.0,135.0
DESST,1936,63.0,118.0,44.0,0.0,0.0,2.0,272.0,156.0,101.0,23.0,107.0,91.0
ERIOP,1936,60.0,171.0,64.0,0.0,0.0,5.0,372.0,230.0,135.0,19.0,88.0,136.0
FLORI,1936,89.0,187.0,149.0,0.0,0.0,26.0,356.0,245.0,260.0,26.0,196.0,258.0
FORES,1936,73.0,161.0,123.0,0.0,0.0,19.0,346.0,230.0,247.0,24.0,143.0,172.0
GRARI,1936,75.0,116.0,34.0,0.0,0.0,30.0,273.0,196.0,111.0,37.0,105.0,79.0
HUERF,1936,69.0,204.0,69.0,0.0,0.0,6.0,252.0,281.0,178.0,17.0,91.0,157.0
MUHLE,1936,64.0,154.0,56.0,0.0,0.0,2.0,535.0,198.0,188.0,22.0,107.0,111.0
NE,1936,81.0,143.0,51.0,0.0,0.0,0.0,301.0,304.0,146.0,24.0,93.0,117.0
NW,1936,72.0,87.0,35.0,0.0,0.0,0.0,259.0,172.0,143.0,11.0,90.0,61.0
PARKE,1936,77.0,166.0,111.0,0.0,0.0,41.0,259.0,343.0,262.0,16.0,148.0,171.0
ROAD,1936,67.0,113.0,68.0,3.0,0.0,6.0,404.0,180.0,277.0,26.0,115.0,114.0
ROBIN,1936,73.0,183.0,99.0,23.0,0.0,85.0,235.0,308.0,252.0,25.0,183.0,203.0
RODEN,1936,65.0,138.0,66.0,0.0,0.0,20.0,416.0,129.0,212.0,33.0,105.0,108.0
RUELA,1936,66.0,191.0,110.0,0.0,0.0,38.0,263.0,243.0,158.0,15.0,104.0,157.0
SW,1936,69.0,126.0,57.0,0.0,0.0,10.0,475.0,174.0,177.0,62.0,105.0,88.0
WATRE,1936,69.6,150.25,77.75,1.65,0.0,6.0,392.0,190.0,251.0,23.0,113.0,109.0
WHITE,1936,76.0,144.0,105.0,6.0,0.0,25.0,351.0,251.0,160.0,25.0,106.0,142.0
110,1937,195.54545454545453,154.6818181818182,89.31818181818181,0.7727272727272727,14.454545454545455,58.0,346.0,348.0,200.0,22.0,0.0,122.0
111,1937,195.54545454545453,154.6818181818182,89.31818181818181,0.7727272727272727,14.454545454545455,58.0,336.0,320.0,214.0,19.0,0.0,118.0
112,1937,195.54545454545453,154.6818181818182,89.31818181818181,0.7727272727272727,14.454545454545455,58.0,342.0,300.0,248.0,24.0,0.0,123.0
113,1937,195.54545454545453,154.6818181818182,89.31818181818181,0.7727272727272727,14.454545454545455,14.0,289.0,208.0,130.0,18.0,0.0,116.0
114,1937,195.54545454545453,154.6818181818182,89.31818181818181,0.7727272727272727,14.454545454545455,14.0,315.0,200.0,144.0,18.0,0.0,123.0
115,1937,195.54545454545453,154.6818181818182,89.31818181818181,0.7727272727272727,14.454545454545455,18.0,256.0,186.0,214.0,20.0,0.0,151.0
116,1937,195.54545454545453,154.6818181818182,89.31818181818181,0.7727272727272727,14.454545454545455,13.0,282.0,175.0,212.0,18.0,0.0,92.0
117,1937,195.54545454545453,154.6818181818182,89.31818181818181,0.7727272727272727,14.454545454545455,66.0,320.0,198.0,182.0,20.0,0.0,166.0
118,1937,195.54545454545453,154.6818181818182,89.31818181818181,0.7727272727272727,14.454545454545455,48.0,332.0,272.0,186.0,18.0,0.0,160.0
119,1937,195.54545454545453,154.6818181818182,89.31818181818181,0.7727272727272727,14.454545454545455,30.0,304.0,192.0,222.0,16.0,0.0,167.0
120,1937,195.54545454545453,154.6818181818182,89.31818181818181,0.7727272727272727,14.454545454545455,30.0,319.0,236.0,192.0,12.0,0.0,166.0
121,1937,195.54545454545453,154.6818181818182,89.31818181818181,0.7727272727272727,14.454545454545455,52.0,407.0,344.0,264.0,76.0,0.0,154.0
122,1937,195.54545454545453,154.6818181818182,89.31818181818181,0.7727272727272727,14.454545454545455,74.0,367.0,352.0,238.0,66.0,0.0,124.0
123,1937,195.54545454545453,154.6818181818182,89.31818181818181,0.7727272727272727,14.454545454545455,52.0,365.0,284.0,216.0,68.0,0.0,141.0
124,1937,195.54545454545453,154.6818181818182,89.31818181818181,0.7727272727272727,14.454545454545455,21.0,439.0,290.0,222.0,144.0,0.0,158.0
125,1937,195.54545454545453,154.6818181818182,89.31818181818181,0.7727272727272727,14.454545454545455,58.0,297.0,340.0,122.0,20.0,0.0,82.0
18,1937,185.0,161.0,87.0,0.0,44.0,21.0,460.0,275.0,204.0,129.0,0.0,149.0
184,1937,195.54545454545453,154.6818181818182,89.31818181818181,0.7727272727272727,14.454545454545455,58.0,295.0,426.0,106.0,16.0,0.0,94.0
45,1937,178.0,170.0,76.0,0.0,10.0,9.0,407.0,191.0,170.0,18.0,0.0,131.0
BOX,1937,174.0,179.0,74.0,0.0,20.0,18.0,259.0,195.0,188.0,16.0,0.0,143.0
DESGR,1937,218.0,163.0,79.0,5.0,6.0,17.0,337.0,295.0,131.0,38.0,0.0,129.0
DESRI,1937,188.0,120.0,74.0,0.0,5.0,5.0,227.0,197.0,180.0,18.0,0.0,157.0
DESST,1937,178.0,72.0,73.0,0.0,15.0,38.0,154.0,324.0,65.0,13.0,0.0,91.0
ERIOP,1937,149.0,151.0,79.0,0.0,19.0,48.0,344.0,285.0,231.0,19.0,0.0,168.0
FLORI,1937,283.0,221.0,144.0,6.0,12.0,31.0,409.0,589.0,176.0,60.0,0.0,160.0
FORES,1937,223.0,204.0,110.0,6.0,7.0,22.0,367.0,435.0,149.0,48.0,0.0,136.0
GRARI,1937,162.0,97.0,92.0,0.0,26.0,29.0,510.0,225.0,152.0,27.0,0.0,66.0
HUERF,1937,188.0,169.0,97.0,0.0,10.0,11.0,304.0,260.0,185.0,66.0,0.0,168.0
JOHNS,1937,195.54545454545453,154.6818181818182,89.31818181818181,0.7727272727272727,14.454545454545455,37.12820512820513,344.0,318.0,126.0,79.0,0.0,140.0
MUHLE,1937,187.0,150.0,75.0,0.0,9.0,85.0,319.0,224.0,104.0,17.0,0.0,139.0
NE,1937,193.0,103.0,87.0,0.0,5.0,25.0,222.0,235.0,121.0,38.0,0.0,145.0
NW,1937,168.0,45.0,56.0,0.0,3.0,25.0,201.0,339.0,82.0,20.0,0.0,102.0
PARKE,1937,215.0,178.0,112.0,0.0,5.0,95.0,362.0,372.0,245.0,43.0,0.0,142.0
ROAD,1937,195.0,179.0,90.0,0.0,19.0,17.0,414.0,260.0,124.0,19.0,0.0,111.0
ROBIN,1937,245.0,177.0,102.0,0.0,8.0,52.0,424.0,369.0,179.0,102.0,0.0,165.0
RODEN,1937,193.0,159.0,84.0,0.0,12.0,12.0,297.0,181.0,122.0,18.0,0.0,125.0
RUELA,1937,217.0,219.0,94.0,0.0,36.0,36.0,473.0,302.0,147.0,112.0,0.0,187.0
SW,1937,174.0,147.0,97.0,0.0,19.0,97.0,341.0,288.0,111.0,24.0,0.0,99.0
WATRE,1937,185.0,176.0,75.0,0.0,18.0,13.0,385.0,275.0,144.0,18.0,0.0,112.0
WHITE,1937,204.0,163.0,108.0,0.0,10.0,20.0,313.0,478.0,131.0,24.0,0.0,120.0
110,1938,78.0,130.0,130.0,6.0,0.0,286.0,436.0,294.0,106.0,0.0,6.0,64.0
111,1938,72.0,122.0,122.0,4.0,10.0,268.0,392.0,304.0,72.0,0.0,6.0,60.0
112,1938,68.0,116.0,122.0,2.0,0.0,316.0,392.0,298.0,64.0,0.0,7.0,58.0
113,1938,64.0,110.0,74.0,0.0,0.0,170.0,352.0,144.0,54.0,0.0,28.0,58.0
114,1938,66.0,106.0,80.0,0.0,0.0,163.0,348.0,328.0,74.0,0.0,27.0,50.0
115,1938,64.0,104.0,68.0,0.0,0.0,214.0,284.0,290.0,112.0,0.0,24.0,48.0
116,1938,66.0,106.0,76.0,0.0,0.0,188.0,270.0,354.0,52.0,0.0,32.0,56.0
117,1938,60.0,94.0,70.0,0.0,0.0,148.0,196.0,262.0,74.0,0.0,5.0,68.0
118,1938,60.0,98.0,74.0,0.0,0.0,148.0,214.0,220.0,48.0,0.0,3.0,68.0
119,1938,60.0,104.0,82.0,0.0,0.0,190.0,200.0,264.0,46.0,0.0,4.0,74.0
120,1938,58.0,94.0,76.0,0.0,0.0,150.0,172.0,280.0,52.0,0.0,5.0,72.0
121,1938,60.0,114.0,140.0,0.0,0.0,356.0,450.0,518.0,90.0,0.0,8.0,54.0
122,1938,64.0,124.0,156.0,3.0,0.0,376.0,364.0,422.0,70.0,0.0,4.0,58.0
123,1938,48.0,112.0,94.0,0.0,0.0,346.0,324.0,342.0,54.0,0.0,10.0,48.0
124,1938,44.0,118.0,100.0,0.0,0.0,342.0,258.0,348.0,67.0,0.0,19.0,48.0
125,1938,64.0,118.0,74.0,0.0,0.0,170.0,316.0,376.0,154.0,0.0,16.0,58.0
130,1938,65.2,108.25,95.0,2.025,1.85,221.8,344.0,264.0,92.0,0.0,31.0,48.0
131,1938,65.2,108.25,95.0,2.025,1.85,221.8,225.0,334.0,93.0,0.0,31.0,60.0
18,1938,64.0,112.0,98.0,0.0,0.0,190.0,196.0,200.0,47.0,0.0,12.0,50.0
184,1938,64.0,106.0,80.0,2.0,0.0,176.0,450.0,454.0,158.0,0.0,14.0,60.0
45,1938,61.0,104.0,69.0,0.0,0.0,149.0,262.0,331.0,75.0,0.0,27.0,59.0
BOX,1938,68.0,108.0,79.0,0.0,0.0,231.0,222.0,271.0,59.0,0.0,23.0,52.0
DESGR,1938,76.0,115.0,110.0,8.0,16.0,175.0,473.0,339.0,158.0,1.0,17.0,54.0
DESRI,1938,55.0,76.0,68.0,0.0,0.0,150.0,105.0,158.0,0.0,0.0,5.0,83.0
DESST,1938,63.0,71.0,65.0,0.0,0.0,226.0,179.0,267.0,62.0,0.0,5.0,72.0
ERIOP,1938,59.0,102.0,82.0,0.0,0.0,141.0,191.0,254.0,39.0,0.0,4.0,69.0
FLORI,1938,95.0,193.0,216.0,18.0,20.0,304.0,414.0,452.0,209.0,12.0,15.0,80.0
FORES,1938,88.0,155.0,147.0,13.0,0.0,261.0,442.0,409.0,155.0,0.0,18.0,69.0
GRARI,1938,68.0,97.0,66.0,1.0,14.0,244.0,129.0,430.0,57.0,0.0,5.0,75.0
HUERF,1938,58.0,113.0,84.0,0.0,0.0,170.0,116.0,238.0,58.0,0.0,5.0,87.0
JOHNS,1938,53.0,65.0,93.0,0.0,14.0,159.0,277.0,122.0,67.0,0.3170731707317073,13.634146341463415,62.78048780487805
MUHLE,1938,61.0,89.0,77.0,0.0,0.0,178.0,190.0,244.0,77.0,0.0,4.0,72.0
NE,1938,59.0,83.0,60.0,0.0,0.0,184.0,56.0,132.0,0.0,0.0,7.0,88.0
NW,1938,63.0,53.0,43.0,7.0,0.0,135.0,136.0,227.0,23.0,0.0,6.0,63.0
PARKE,1938,82.0,131.0,161.0,3.0,0.0,346.0,360.0,500.0,66.0,0.0,8.0,63.0
ROAD,1938,63.0,110.0,68.0,0.0,0.0,205.0,277.0,212.0,63.0,0.0,21.0,59.0
ROBIN,1938,83.0,130.0,141.0,1.0,0.0,357.0,412.0,469.0,101.0,0.0,20.0,57.0
RODEN,1938,64.0,105.0,76.0,0.0,0.0,212.0,203.0,250.0,70.0,0.0,12.0,61.0
RUELA,1938,60.0,118.0,108.0,7.0,0.0,286.0,228.0,173.0,46.0,0.0,25.0,60.0
SW,1938,66.0,98.0,70.0,0.0,0.0,182.0,156.0,208.0,100.0,0.0,12.0,67.0
WATRE,1938,64.0,101.0,79.0,0.0,0.0,185.0,315.0,314.0,81.0,0.0,16.0,49.0
WHITE,1938,75.0,125.0,122.0,6.0,0.0,195.0,313.0,367.0,123.0,0.0,12.0,75.0
110,1939,96.0,152.0,30.0,44.0,0.0,0.0,229.26829268292684,338.2926829268293,169.41463414634146,69.6829268292683,86.0,57.51219512195122
111,1939,90.0,140.0,38.0,42.0,0.0,0.0,229.26829268292684,338.2926829268293,169.41463414634146,69.6829268292683,86.0,57.51219512195122
112,1939,94.0,126.0,40.0,42.0,0.0,0.0,229.26829268292684,338.2926829268293,169.41463414634146,69.6829268292683,86.0,57.51219512195122
113,1939,62.0,134.0,30.0,22.0,0.0,0.0,229.26829268292684,338.2926829268293,169.41463414634146,69.6829268292683,86.0,57.51219512195122
114,1939,58.0,146.0,30.0,26.0,0.0,0.0,229.26829268292684,338.2926829268293,169.41463414634146,69.6829268292683,86.0,57.51219512195122
115,1939,62.0,132.0,42.0,54.0,0.0,0.0,229.26829268292684,338.2926829268293,169.41463414634146,69.6829268292683,86.0,57.51219512195122
116,1939,58.0,138.0,26.0,50.0,0.0,0.0,229.26829268292684,338.2926829268293,169.41463414634146,69.6829268292683,86.0,57.51219512195122
117,1939,76.0,120.0,32.0,36.0,0.0,0.0,229.26829268292684,338.2926829268293,169.41463414634146,69.6829268292683,86.0,57.51219512195122
118,1939,70.0,120.0,22.0,24.0,0.0,0.0,229.26829268292684,338.2926829268293,169.41463414634146,69.6829268292683,86.0,57.51219512195122
119,1939,68.0,98.0,24.0,46.0,0.0,0.0,229.26829268292684,338.2926829268293,169.41463414634146,69.6829268292683,86.0,57.51219512195122
120,1939,72.0,110.0,38.0,48.0,0.0,0.0,229.26829268292684,338.2926829268293,169.41463414634146,69.6829268292683,86.0,57.51219512195122
121,1939,58.0,184.0,40.0,56.0,0.0,0.0,229.26829268292684,338.2926829268293,169.41463414634146,69.6829268292683,86.0,57.51219512195122
122,1939,80.0,196.0,36.0,60.0,0.0,0.0,229.26829268292684,338.2926829268293,169.41463414634146,69.6829268292683,86.0,57.51219512195122
123,1939,64.0,184.0,48.0,42.0,0.0,0.0,229.26829268292684,338.2926829268293,169.41463414634146,69.6829268292683,86.0,57.51219512195122
124,1939,52.0,92.0,50.0,18.0,0.0,0.0,229.26829268292684,338.2926829268293,169.41463414634146,69.6829268292683,86.0,57.51219512195122
125,1939,56.0,134.0,30.0,34.0,0.0,0.0,229.26829268292684,338.2926829268293,169.41463414634146,69.6829268292683,86.0,57.51219512195122
130,1939,65.0,141.0,29.0,47.0,0.0,0.0,274.0,409.0,160.0,61.0,95.0,59.0
131,1939,71.0,83.0,19.0,35.0,0.0,0.0,253.0,297.0,156.0,72.0,89.0,56.0
149,1939,72.025,136.825,31.35,37.2,0.0,7.725,160.0,434.0,170.0,98.0,94.0,52.0
152,1939,72.025,136.825,31.35,37.2,0.0,7.725,282.0,316.0,148.0,68.0,108.0,59.0
155,1939,72.025,136.825,31.35,37.2,0.0,7.725,246.0,270.0,88.0,26.0,20.0,46.0
161,1939,72.025,136.825,31.35,37.2,0.0,7.725,283.0,268.0,154.0,42.0,26.0,44.0
163,1939,72.025,136.825,31.35,37.2,0.0,7.725,261.0,280.0,152.0,42.0,36.0,40.0
164,1939,72.025,136.825,31.35,37.2,0.0,7.725,228.0,272.0,72.0,36.0,46.0,44.0
166,1939,72.025,136.825,31.35,37.2,0.0,7.725,264.0,312.0,178.0,78.0,94.0,56.0
169,1939,72.025,136.825,31.35,37.2,0.0,7.725,236.0,382.0,248.0,88.0,134.0,54.0
18,1939,68.0,111.0,54.0,15.0,0.0,0.0,223.0,211.0,218.0,63.0,109.0,57.0
184,1939,72.025,136.825,31.35,37.2,0.0,7.725,202.0,412.0,226.0,74.0,114.0,62.0
185,1939,72.025,136.825,31.35,37.2,0.0,7.725,254.0,300.0,200.0,92.0,102.0,60.0
187,1939,72.025,136.825,31.35,37.2,0.0,7.725,264.0,198.0,172.0,64.0,34.0,54.0
188,1939,72.025,136.825,31.35,37.2,0.0,7.725,335.0,394.0,168.0,36.0,26.0,58.0
191,1939,72.025,136.825,31.35,37.2,0.0,7.725,122.0,402.0,154.0,58.0,86.0,60.0
192,1939,72.025,136.825,31.35,37.2,0.0,7.725,90.0,408.0,154.0,94.0,116.0,64.0
45,1939,61.0,138.0,27.0,29.0,0.0,0.0,268.0,416.0,156.0,84.0,93.0,64.0
BOX,1939,66.0,113.0,45.0,63.0,0.0,0.0,287.0,302.0,158.0,74.0,115.0,65.0
CHOLL,1939,72.025,136.825,31.35,37.2,0.0,7.725,140.0,502.0,104.0,56.0,54.0,50.0
DESGR,1939,90.0,171.0,28.0,36.0,0.0,0.0,317.0,385.0,172.0,79.0,126.0,70.0
DESRI,1939,86.0,104.0,22.0,32.0,0.0,35.0,122.0,371.0,146.0,74.0,67.0,49.0
DESST,1939,51.0,107.0,24.0,37.0,0.0,28.0,252.0,275.0,154.0,38.0,19.0,39.0
ERIOP,1939,88.0,124.0,39.0,23.0,0.0,0.0,209.0,299.0,179.0,69.0,97.0,51.0
FLORI,1939,148.0,235.0,34.0,65.0,0.0,7.0,209.0,432.0,228.0,82.0,202.0,88.0
FORES,1939,124.0,179.0,27.0,51.0,0.0,1.0,189.0,389.0,208.0,109.0,160.0,74.0
GRARI,1939,38.0,120.0,17.0,24.0,0.0,23.0,295.0,416.0,156.0,56.0,26.0,62.0
HUERF,1939,90.0,114.0,39.0,24.0,0.0,6.0,121.0,338.0,162.0,97.0,126.0,58.0
HUGHE,1939,72.025,136.825,31.35,37.2,0.0,7.725,231.0,240.0,144.0,38.0,16.0,43.0
LIMST,1939,72.025,136.825,31.35,37.2,0.0,7.725,84.0,204.0,138.0,104.0,108.0,56.0
MUHLE,1939,51.0,127.0,21.0,49.0,0.0,0.0,271.0,377.0,219.0,63.0,62.0,53.0
NE,1939,66.0,97.0,30.0,26.0,0.0,142.0,130.0,413.0,139.0,62.0,70.0,54.0
NW,1939,35.0,103.0,12.0,32.0,0.0,39.0,236.0,283.0,125.0,50.0,23.0,42.0
PARKE,1939,95.0,178.0,31.0,55.0,0.0,0.0,291.0,362.0,130.0,108.0,117.0,58.0
ROAD,1939,72.0,136.0,24.0,29.0,0.0,0.0,265.0,373.0,119.0,72.0,95.0,61.0
ROBIN,1939,65.0,204.0,45.0,47.0,0.0,0.0,390.0,401.0,238.0,99.0,103.0,68.0
RODEN,1939,61.0,143.0,24.0,25.0,0.0,0.0,218.0,397.0,137.0,77.0,101.0,71.0
RUELA,1939,48.0,129.0,38.0,30.0,0.0,28.0,217.0,314.0,300.0,63.0,140.0,68.0
SW,1939,58.0,120.0,22.0,22.0,0.0,0.0,224.0,198.0,161.0,57.0,39.0,59.0
WATRE,1939,72.0,134.0,25.0,28.0,0.0,0.0,282.0,345.0,148.0,59.0,87.0,60.0
WHITE,1939,96.0,156.0,22.0,20.0,0.0,0.0,175.0,273.0,307.0,95.0,151.0,70.0
130,1940,14.0,191.0,0.0,12.0,13.0,216.0,219.0,200.0,443.0,51.0,101.0,221.0
131,1940,33.0,206.0,0.0,29.0,14.0,235.0,169.0,302.0,202.0,42.0,101.0,222.0
149,1940,10.0,196.0,0.0,28.0,4.0,172.0,132.0,308.0,394.0,80.0,98.0,318.0
152,1940,24.0,222.0,0.0,26.0,10.0,242.0,318.0,146.0,406.0,62.0,108.0,242.0
155,1940,5.0,156.0,0.0,12.0,20.0,234.0,110.0,340.0,166.0,58.0,78.0,278.0
161,1940,18.0,190.0,0.0,12.0,20.0,244.0,138.0,284.0,292.0,74.0,84.0,260.0
163,1940,26.0,188.0,0.0,10.0,6.0,200.0,128.0,278.0,283.0,68.0,72.0,268.0
164,1940,26.0,178.0,0.0,14.0,6.0,174.0,162.0,262.0,294.0,74.0,96.0,272.0
166,1940,20.0,228.0,0.0,16.0,2.0,252.0,316.0,326.0,392.0,74.0,118.0,266.0
169,1940,10.0,222.0,0.0,22.0,0.0,240.0,344.0,306.0,630.0,84.0,130.0,312.0
18,1940,11.0,195.0,0.0,35.0,12.0,194.0,334.0,236.0,412.0,68.0,109.0,211.0
184,1940,34.0,234.0,0.0,34.0,18.0,222.0,134.0,380.0,268.0,54.0,82.0,244.0
185,1940,32.0,210.0,0.0,32.0,10.0,224.0,198.0,358.0,168.0,44.0,100.0,256.0
187,1940,26.0,202.0,0.0,16.0,14.0,210.0,152.0,338.0,136.0,54.0,106.0,320.0
188,1940,28.0,194.0,0.0,16.0,6.0,264.0,204.0,396.0,220.0,52.0,72.0,278.0
191,1940,22.0,218.0,0.0,12.0,0.0,182.0,196.0,260.0,394.0,68.0,104.0,288.0
192,1940,22.0,232.0,0.0,14.0,0.0,190.0,254.0,344.0,480.0,74.0,128.0,304.0
45,1940,12.0,194.0,0.0,16.0,12.0,218.0,205.0,324.0,339.0,51.0,101.0,262.0
BOX,1940,15.0,203.0,0.0,12.0,12.0,238.0,218.0,132.0,440.0,56.0,107.0,249.0
CHOLL,1940,22.0,188.0,0.0,12.0,3.0,160.0,166.0,276.0,330.0,66.0,102.0,280.0
DESGR,1940,19.0,253.0,4.0,31.0,21.0,259.0,209.0,297.0,539.0,68.0,90.0,212.0
DESRI,1940,15.0,188.0,0.0,18.0,4.0,181.0,102.0,346.0,343.0,66.0,104.0,280.0
DESST,1940,21.0,189.0,0.0,10.0,12.0,199.0,184.0,211.0,232.0,74.0,73.0,231.0
ERIOP,1940,11.0,195.0,0.0,9.0,5.0,207.0,207.0,251.0,315.0,72.0,101.0,299.0
FLORI,1940,70.0,307.0,20.0,68.0,33.0,266.0,228.0,267.0,492.0,41.0,177.0,315.0
FORES,1940,20.0,275.0,12.0,41.0,20.0,257.0,203.0,258.0,470.0,72.0,113.0,243.0
GRARI,1940,11.0,180.0,4.0,22.0,23.0,284.0,279.0,350.0,256.0,76.0,48.0,263.0
HUERF,1940,8.0,187.0,0.0,15.0,6.0,193.0,186.0,238.0,250.0,56.0,130.0,330.0
HUGHE,1940,9.0,185.0,0.0,12.0,22.0,230.0,127.0,259.0,220.0,56.0,73.0,252.0
LIMST,1940,8.0,214.0,0.0,14.0,0.0,184.0,272.0,226.0,414.0,68.0,104.0,298.0
MUHLE,1940,11.0,183.0,0.0,21.0,2.0,205.0,126.0,176.0,227.0,59.0,100.0,310.0
NE,1940,19.0,186.0,0.0,10.0,2.0,149.0,154.0,234.0,253.0,81.0,112.0,291.0
NW,1940,16.0,181.0,0.0,24.0,10.0,203.0,236.0,383.0,333.0,93.0,58.0,231.0
PARKE,1940,22.0,219.0,0.0,37.0,2.0,235.0,389.0,155.0,546.0,76.0,125.0,235.0
ROAD,1940,29.0,197.0,0.0,21.0,13.0,235.0,193.0,312.0,207.0,44.0,99.0,232.0
ROBIN,1940,18.0,254.0,0.0,29.0,5.0,268.0,473.0,275.0,466.0,40.0,165.0,250.0
RODEN,1940,21.0,175.0,0.0,33.0,11.0,241.0,171.0,149.0,279.0,46.0,104.0,280.0
RUELA,1940,5.0,235.0,0.0,24.0,17.0,279.0,394.0,372.0,451.0,55.0,161.0,272.0
SW,1940,26.0,225.0,0.0,18.0,15.0,243.0,145.0,349.0,154.0,81.0,96.0,332.0
WATRE,1940,29.0,191.0,0.0,21.0,6.0,218.0,192.0,256.0,206.0,53.0,86.0,260.0
WHITE,1940,46.0,282.0,0.0,33.0,9.0,224.0,190.0,138.0,285.0,62.0,102.0,231.0
130,1941,96.0,144.0,106.0,122.0,22.0,0.0,325.0,272.0,311.0,53.0,9.0,188.0
131,1941,66.0,158.0,112.0,118.0,71.0,0.0,191.0,231.0,239.0,19.0,12.0,196.0
149,1941,88.0,156.0,140.0,138.0,56.0,1.7241379310344827,312.0,152.0,310.0,34.0,8.0,224.0
152,1941,146.0,140.0,106.0,130.0,22.0,1.7241379310344827,348.0,210.0,312.0,72.0,22.0,212.0
155,1941,58.0,156.0,102.0,128.0,28.0,1.7241379310344827,296.0,168.0,228.0,42.0,10.0,186.0
161,1941,68.0,152.0,112.0,124.0,60.0,1.7241379310344827,181.0,260.0,240.0,34.0,16.0,202.0
163,1941,72.0,138.0,130.0,132.0,76.0,1.7241379310344827,148.0,226.0,234.0,18.0,18.0,214.0
164,1941,80.0,136.0,128.0,164.0,46.0,1.7241379310344827,126.0,270.0,236.0,34.0,18.0,218.0
166,1941,104.0,128.0,124.0,144.0,44.0,1.7241379310344827,262.0,156.0,406.0,40.0,10.0,196.0
169,1941,152.0,158.0,134.0,156.0,60.0,1.7241379310344827,188.0,214.0,280.0,40.0,16.0,184.0
18,1941,175.0,153.0,102.0,131.0,45.0,3.0,255.0,163.0,274.0,48.0,20.0,178.0
184,1941,82.0,166.0,104.0,156.0,90.0,1.7241379310344827,176.0,328.0,244.0,36.0,14.0,244.0
185,1941,70.0,174.0,104.0,134.0,68.0,1.7241379310344827,130.0,288.0,256.0,16.0,16.0,216.0
187,1941,58.0,162.0,120.0,148.0,20.0,1.7241379310344827,152.0,288.0,274.0,0.0,10.0,192.0
188,1941,76.0,160.0,98.0,138.0,30.0,1.7241379310344827,230.0,432.0,210.0,62.0,38.0,192.0
191,1941,108.0,138.0,130.0,150.0,32.0,8.0,280.0,162.0,356.0,48.0,18.0,216.0
192,1941,120.0,136.0,158.0,162.0,42.0,4.0,270.0,122.0,344.0,36.0,14.0,232.0
45,1941,86.0,149.0,119.0,123.0,11.0,0.0,347.0,242.0,264.0,49.0,11.0,181.0
BOX,1941,120.0,137.0,101.0,135.0,17.0,0.0,241.0,242.0,326.0,57.0,12.0,198.0
CHOLL,1941,94.0,122.0,130.0,152.0,64.0,0.0,164.0,162.0,270.0,96.0,5.0,204.0
DESGR,1941,128.0,138.0,113.0,144.0,72.0,0.0,414.0,232.0,347.0,115.0,22.0,237.0
DESRI,1941,92.0,135.0,127.0,166.0,75.0,0.0,148.0,215.0,143.0,55.0,7.0,202.0
DESST,1941,71.0,141.0,113.0,114.0,70.0,0.0,165.0,310.0,222.0,49.0,41.0,196.0
ERIOP,1941,90.0,134.0,133.0,136.0,33.0,0.0,305.0,192.0,357.0,47.0,11.0,180.0
FLORI,1941,221.0,227.0,132.0,144.0,84.0,5.0,329.0,290.0,299.0,33.0,56.0,372.0
FORES,1941,182.0,176.0,133.0,177.0,75.0,0.0,372.0,207.0,275.0,146.0,27.0,217.0
GRARI,1941,68.0,168.0,85.0,155.0,78.0,0.0,188.0,275.0,216.0,90.0,36.0,199.0
HUERF,1941,123.0,156.0,142.0,171.0,17.0,0.0,216.0,195.0,392.0,37.0,8.0,203.0
HUGHE,1941,70.0,147.0,102.0,115.0,33.0,0.0,228.0,207.0,225.0,65.0,19.0,187.0
LIMST,1941,118.0,128.0,146.0,152.0,22.0,12.0,262.0,138.0,356.0,54.0,8.0,208.0
MUHLE,1941,74.0,145.0,144.0,135.0,40.0,0.0,282.0,151.0,270.0,26.0,7.0,201.0
NE,1941,97.0,141.0,146.0,140.0,30.0,0.0,207.0,296.0,262.0,78.0,18.0,202.0
NW,1941,72.0,166.0,116.0,125.0,47.0,0.0,152.0,238.0,166.0,40.0,36.0,191.0
PARKE,1941,194.0,178.0,132.0,119.0,48.0,0.0,334.0,207.0,314.0,130.0,38.0,218.0
ROAD,1941,70.0,149.0,112.0,141.0,41.0,0.0,187.0,181.0,306.0,29.0,13.0,198.0
ROBIN,1941,219.0,185.0,109.0,136.0,94.0,2.0,300.0,233.0,338.0,86.0,23.0,208.0
RODEN,1941,77.0,139.0,112.0,122.0,32.0,0.0,187.0,193.0,296.0,19.0,11.0,197.0
RUELA,1941,172.0,154.0,121.0,142.0,46.0,16.0,194.0,130.0,288.0,40.0,26.0,195.0
SW,1941,66.0,161.0,107.0,132.0,41.0,0.0,331.0,217.0,295.0,31.0,9.0,184.0
WATRE,1941,70.0,141.0,109.0,127.0,91.0,0.0,193.0,185.0,303.0,26.0,10.0,196.0
WHITE,1941,101.0,172.0,127.0,160.0,72.0,0.0,193.0,253.0,281.0,114.0,20.0,284.0
130,1942,85.0,105.0,26.0,91.0,0.0,0.0,195.0,148.0,233.0,81.0,0.0,20.0
131,1942,85.0,93.0,25.0,79.0,0.0,0.0,222.0,246.0,149.0,52.0,0.0,10.0
149,1942,78.0,152.0,20.0,78.0,0.0,0.0,204.0,188.0,222.0,60.0,0.0,20.0
152,1942,90.0,124.0,18.0,92.0,0.0,0.0,136.0,148.0,220.0,104.0,0.0,16.0
155,1942,82.0,110.0,16.0,72.0,0.0,0.0,420.0,134.0,58.0,55.0,0.0,10.0
161,1942,80.0,112.0,21.0,76.0,0.0,0.0,340.0,140.0,70.0,40.0,0.0,12.0
163,1942,80.0,108.0,26.0,86.16216216216216,0.0,0.0,200.0,180.0,146.0,42.0,0.0,16.0
164,1942,76.0,104.0,30.0,60.0,0.0,0.0,136.0,164.0,144.0,40.0,0.0,20.0
166,1942,78.0,126.0,22.0,68.0,0.0,0.0,286.0,270.0,352.0,103.0,0.0,16.0
169,1942,104.0,150.0,23.0,86.16216216216216,0.0,0.0,356.0,280.0,40.0,104.0,0.0,26.0
18,1942,119.0,126.0,25.0,92.0,0.0,0.0,244.0,248.0,234.0,55.0,0.0,10.0
184,1942,98.0,96.0,18.0,100.0,0.0,0.0,344.0,308.0,168.0,67.0,0.0,8.0
185,1942,94.0,88.0,16.0,86.0,0.0,0.0,258.0,210.0,8.0,41.0,0.0,15.0
187,1942,88.0,102.0,20.0,68.0,0.0,0.0,254.0,306.0,66.0,36.0,0.0,12.0
188,1942,88.0,114.0,20.0,64.0,0.0,0.0,258.0,410.0,94.0,46.0,0.0,15.0
191,1942,84.0,116.0,34.0,94.0,0.0,0.0,190.0,280.0,116.0,66.0,0.0,18.0
192,1942,78.0,124.0,34.0,60.0,0.0,0.0,208.0,254.0,144.0,64.0,0.0,14.0
45,1942,78.0,112.0,19.0,83.0,0.0,0.0,210.0,210.0,185.0,70.0,0.0,14.0
BOX,1942,87.0,112.0,18.0,84.0,0.0,0.0,196.0,200.0,194.0,92.0,0.0,20.0
CHOLL,1942,80.0,112.0,28.0,86.16216216216216,0.0,0.0,246.0,274.0,122.0,90.0,0.0,14.0
DESGR,1942,123.0,103.0,26.0,126.0,0.0,0.0,256.0,222.0,196.0,127.0,0.0,26.0
DESRI,1942,83.0,113.0,24.0,70.0,0.0,0.0,193.0,222.0,221.0,97.0,0.0,10.0
DESST,1942,73.0,109.0,28.0,55.0,0.0,0.0,129.0,132.0,76.0,28.0,0.0,20.0
ERIOP,1942,82.0,130.0,21.0,75.0,0.0,0.0,210.0,184.0,223.0,54.0,0.0,18.0
FLORI,1942,137.0,167.0,55.0,142.0,0.0,0.0,236.0,405.0,346.0,105.0,0.0,25.0
FORES,1942,117.0,151.0,24.0,128.0,0.0,0.0,235.0,317.0,329.0,116.0,0.0,16.0
GRARI,1942,100.0,106.0,20.0,64.0,0.0,0.0,311.0,370.0,63.0,38.0,0.0,18.0
HUERF,1942,85.0,152.0,22.0,86.0,0.0,0.0,198.0,208.0,198.0,45.0,0.0,13.0
HUGHE,1942,82.0,102.0,16.0,86.16216216216216,0.0,0.0,290.0,219.0,41.0,49.0,0.0,10.0
LIMST,1942,80.0,124.0,22.0,124.0,0.0,0.0,224.0,212.0,174.0,46.0,0.0,10.0
MUHLE,1942,79.0,133.0,14.0,78.0,0.0,0.0,230.0,198.0,52.0,120.0,0.0,9.0
NE,1942,79.0,114.0,30.0,83.0,0.0,0.0,200.0,260.0,104.0,72.0,0.0,18.0
NW,1942,64.0,104.0,26.0,60.0,0.0,0.0,100.0,198.0,50.0,23.0,0.0,4.0
PARKE,1942,101.0,144.0,24.0,127.0,0.0,0.0,146.0,231.0,446.0,183.0,0.0,20.0
ROAD,1942,85.0,95.0,25.0,77.0,0.0,0.0,170.0,252.0,194.0,55.0,0.0,14.0
ROBIN,1942,89.475,140.0,24.0,110.0,0.0,0.0,145.0,260.0,296.0,165.0,0.0,22.0
RODEN,1942,84.0,105.0,20.0,70.0,0.0,0.0,166.0,171.0,156.0,61.0,0.0,12.0
RUELA,1942,113.0,156.0,20.0,95.0,0.0,0.0,368.0,261.0,259.0,140.0,0.0,15.0
SW,1942,87.0,115.0,21.0,79.0,0.0,0.0,255.0,245.0,70.0,47.0,0.0,14.0
WATRE,1942,83.0,93.0,21.0,84.0,0.0,0.0,193.0,245.0,192.0,81.0,0.0,8.0
WHITE,1942,110.0,131.0,23.0,108.0,0.0,0.0,358.0,370.0,261.0,112.0,0.0,12.0
130,1943,102.0,9.0,83.0,0.0,0.0,10.0,255.0,344.0,199.0,85.0,0.0,60.0
131,1943,115.0,0.0,69.0,0.0,0.0,12.0,234.0,332.0,161.0,49.0,0.0,52.0
149,1943,88.0,5.0,97.0,0.0,0.0,10.0,242.0,390.0,216.0,90.0,0.0,60.0
152,1943,73.0,12.0,106.0,0.0,0.0,6.0,340.0,456.0,134.0,110.0,0.0,86.0
155,1943,90.0,4.0,96.0,0.0,0.0,20.0,250.0,328.0,134.0,28.0,0.0,50.0
161,1943,38.0,6.0,90.0,0.0,0.0,20.0,226.0,326.0,182.0,54.0,0.0,70.0
163,1943,66.0,3.0,76.0,0.0,0.0,14.0,270.0,266.0,242.0,56.0,0.0,70.0
164,1943,42.0,3.0,72.0,0.0,0.0,8.0,226.0,212.0,226.0,66.0,0.0,72.0
166,1943,67.0,9.0,134.0,0.0,0.0,8.0,244.0,472.0,132.0,84.0,0.0,70.0
169,1943,98.0,8.0,153.0,0.0,0.0,18.0,170.0,460.0,140.0,94.0,0.0,90.0
18,1943,162.0,7.0,113.0,0.0,0.0,27.0,279.0,306.0,145.0,115.0,0.0,89.0
184,1943,130.0,9.0,73.0,0.0,0.0,6.0,252.0,516.0,168.0,44.0,0.0,56.0
185,1943,108.0,7.0,71.0,0.0,0.0,8.0,216.0,504.0,134.0,42.0,0.0,60.0
187,1943,124.0,8.0,74.0,0.0,0.0,9.0,266.0,530.0,104.0,22.0,0.0,48.0
188,1943,116.0,6.0,70.0,0.0,0.0,12.0,296.0,448.0,94.0,10.0,0.0,88.0
191,1943,62.0,7.0,119.0,0.0,0.0,14.0,156.0,378.0,122.0,64.0,0.0,83.0
192,1943,68.0,6.0,112.0,0.0,0.0,8.0,250.0,400.0,134.0,78.0,0.0,84.0
45,1943,121.0,5.0,91.0,0.0,0.0,9.0,224.0,544.0,199.0,82.0,0.0,57.0
BOX,1943,138.0,2.0,101.0,0.0,0.0,4.0,295.0,403.0,167.0,79.0,0.0,73.0
CHOLL,1943,56.0,0.0,104.0,0.0,0.0,8.0,142.0,250.0,194.0,88.0,0.0,70.0
DESGR,1943,160.0,14.0,110.0,0.0,4.0,8.0,331.0,594.0,192.0,104.0,0.0,70.0
DESRI,1943,76.0,0.0,106.0,0.0,0.0,9.0,216.0,227.0,185.0,86.0,0.0,78.0
DESST,1943,71.0,6.0,48.0,0.0,0.0,32.0,267.0,266.0,156.0,35.0,0.0,70.0
ERIOP,1943,107.0,13.0,108.0,0.0,0.0,6.0,355.0,402.0,191.0,78.0,0.0,60.0
FLORI,1943,268.0,22.0,155.0,0.0,0.0,16.0,339.0,617.0,275.0,144.0,0.0,108.0
FORES,1943,191.0,14.0,95.0,0.0,3.0,9.0,275.0,548.0,234.0,116.0,0.0,84.0
GRARI,1943,117.0,6.0,85.0,0.0,0.0,9.0,306.0,434.0,85.0,19.0,0.0,90.0
HUERF,1943,85.0,10.0,116.0,0.0,0.0,10.0,208.0,292.0,170.0,82.0,0.0,48.0
HUGHE,1943,82.0,6.0,103.0,0.0,0.0,20.0,226.0,375.0,139.0,34.0,0.0,72.0
LIMST,1943,80.0,6.0,102.0,0.0,0.0,8.0,278.0,336.0,188.0,82.0,0.0,68.0
MUHLE,1943,80.0,7.0,91.0,0.0,0.0,15.0,220.0,406.0,198.0,90.0,0.0,61.0
NE,1943,68.0,0.0,89.0,0.0,0.0,8.0,135.0,304.0,157.0,86.0,0.0,84.0
NW,1943,65.0,3.0,45.0,0.0,0.0,14.0,252.0,247.0,162.0,30.0,0.0,65.0
PARKE,1943,222.0,20.0,220.0,0.0,1.0,10.0,369.0,478.0,189.0,140.0,0.0,90.0
ROAD,1943,128.0,10.0,65.0,0.0,0.0,4.0,291.0,534.0,190.0,70.0,0.0,54.0
ROBIN,1943,182.0,5.0,133.0,0.0,0.0,20.0,325.0,315.0,158.0,135.0,0.0,102.0
RODEN,1943,105.0,9.0,84.0,0.0,0.0,10.0,242.0,358.0,171.0,72.0,0.0,60.0
RUELA,1943,179.0,7.0,130.0,0.0,0.0,25.0,227.0,425.0,145.0,110.0,0.0,85.0
SW,1943,121.0,8.0,68.0,0.0,0.0,10.0,304.0,487.0,133.0,33.0,0.0,59.0
WATRE,1943,110.375,7.35,99.175,0.0,0.0,12.075,258.05,400.8,168.225,73.575,0.0,71.7
WHITE,1943,164.0,12.0,110.0,0.0,0.0,9.0,323.0,522.0,184.0,57.0,0.0,72.0
130,1944,74.0,159.0,160.0,20.0,0.0,14.0,255.0,270.0,158.0,138.0,200.0,136.0
131,1944,86.0,167.0,142.0,9.0,0.0,15.0,58.0,358.0,134.0,124.0,225.0,134.0
149,1944,82.0,164.0,114.0,38.0,0.0,10.0,230.0,338.0,108.0,80.0,158.0,92.0
152,1944,60.0,154.0,178.0,152.0,0.0,10.0,250.0,294.0,166.0,168.0,262.0,152.0
155,1944,72.0,128.0,94.0,0.0,0.0,0.0,90.0,222.0,130.0,100.0,190.0,132.0
161,1944,72.0,122.0,94.0,4.0,0.0,0.0,94.0,318.0,104.0,84.0,174.0,132.0
163,1944,82.0,142.0,102.0,6.0,0.0,0.0,142.0,366.0,98.0,86.0,274.0,130.0
164,1944,82.0,126.0,92.0,0.0,0.0,0.0,176.0,358.0,126.0,62.0,238.0,122.0
166,1944,48.0,138.0,132.0,30.0,0.0,20.0,252.0,378.0,214.0,122.0,242.0,140.0
169,1944,76.0,142.0,132.0,32.0,0.0,28.0,320.0,442.0,248.0,112.0,212.0,120.0
18,1944,58.0,143.0,129.0,36.0,0.0,22.0,171.0,310.0,203.0,161.0,228.0,137.0
184,1944,94.0,182.0,140.0,7.0,0.0,16.0,150.0,362.0,104.0,118.0,264.0,150.0
185,1944,96.0,176.0,138.0,12.0,0.0,16.0,84.0,292.0,138.0,140.0,222.0,132.0
187,1944,70.0,140.0,122.0,10.0,0.0,6.0,64.0,278.0,92.0,110.0,180.0,148.0
188,1944,64.0,120.0,116.0,6.0,10.0,0.0,90.0,242.0,96.0,78.0,228.0,160.0
191,1944,88.0,142.0,119.0,20.0,0.0,14.0,174.0,394.0,148.0,44.0,224.0,100.0
192,1944,94.0,150.0,132.0,30.0,0.0,10.0,186.0,396.0,144.0,52.0,282.0,110.0
45,1944,66.0,154.0,158.0,13.0,0.0,21.0,214.0,321.0,146.0,130.0,245.0,142.0
BOX,1944,67.0,156.0,172.0,22.0,0.0,11.0,280.0,271.0,126.0,150.0,261.0,156.0
CHOLL,1944,96.0,132.0,98.0,8.0,0.0,0.0,258.0,462.0,90.0,42.0,192.0,122.0
DESGR,1944,83.0,170.0,174.0,38.0,27.0,16.0,228.0,335.0,158.0,151.0,287.0,156.0
DESRI,1944,95.0,138.0,101.0,17.0,0.0,0.0,178.0,424.0,108.0,57.0,223.0,122.0
DESST,1944,68.0,141.0,79.0,0.0,0.0,0.0,87.0,289.0,155.0,99.0,180.0,130.0
ERIOP,1944,55.0,148.0,123.0,31.0,0.0,14.0,181.0,227.0,120.0,90.0,253.0,133.0
FLORI,1944,121.0,225.0,180.0,47.0,12.0,35.0,294.0,329.0,172.0,149.0,305.0,250.0
FORES,1944,86.0,188.0,182.0,36.0,10.0,27.0,278.0,310.0,154.0,134.0,290.0,187.0
GRARI,1944,64.0,133.0,111.0,14.0,25.0,0.0,121.0,262.0,118.0,124.0,225.0,149.0
HUERF,1944,70.0,150.0,121.0,26.0,0.0,15.0,178.0,261.0,169.0,68.0,261.0,122.0
HUGHE,1944,62.0,140.0,94.0,0.0,0.0,0.0,112.0,334.0,184.0,119.0,192.0,137.0
LIMST,1944,86.0,132.0,116.0,20.0,0.0,4.0,330.0,400.0,136.0,50.0,230.0,112.0
MUHLE,1944,86.0,147.0,109.0,12.0,0.0,4.0,95.0,245.0,131.0,104.0,191.0,125.0
NE,1944,95.0,133.0,107.0,7.0,0.0,3.0,178.0,472.0,99.0,39.0,205.0,112.0
NW,1944,75.0,138.0,84.0,0.0,0.0,0.0,54.0,334.0,144.0,106.0,200.0,114.0
PARKE,1944,66.0,154.0,179.0,39.0,5.0,20.0,232.0,356.0,150.0,204.0,277.0,165.0
ROAD,1944,91.0,185.0,164.0,26.0,0.0,20.0,103.0,418.0,117.0,134.0,200.0,141.0
ROBIN,1944,67.0,161.0,165.0,42.0,0.0,35.0,280.0,357.0,194.0,208.0,224.0,150.0
RODEN,1944,77.0,159.0,148.0,8.0,0.0,14.0,144.0,168.0,153.0,101.0,197.0,132.0
RUELA,1944,61.0,133.0,146.0,39.0,0.0,47.0,275.0,364.0,188.0,144.0,228.0,133.0
SW,1944,81.0,156.0,159.0,26.0,0.0,15.0,137.0,289.0,99.0,103.0,197.0,138.0
WHITE,1944,108.0,191.0,141.0,32.0,0.0,13.0,149.0,336.0,106.0,126.0,256.0,152.0
130,1945,58.0,15.0,55.0,0.0,0.0,0.0,350.0,434.0,82.0,168.0,,47.0
131,1945,45.0,16.0,46.0,31.0,0.0,0.0,400.0,518.0,64.0,116.0,,18.0
149,1945,44.0,32.0,66.0,12.0,0.0,0.0,250.0,396.0,60.0,224.0,,100.0
152,1945,80.0,20.0,64.0,24.0,0.0,0.0,390.0,570.0,48.0,150.0,,50.0
155,1945,42.0,22.0,64.0,0.0,0.0,0.0,274.0,470.0,36.0,102.0,,66.0
161,1945,40.0,24.0,66.0,10.0,0.0,0.0,206.0,450.0,58.0,112.0,,86.0
163,1945,44.0,40.0,60.0,8.0,0.0,0.0,174.0,560.0,52.0,130.0,,76.0
164,1945,42.0,36.0,52.0,4.0,0.0,0.0,228.0,606.0,12.0,130.0,,70.0
166,1945,52.0,16.0,56.0,24.0,0.0,0.0,218.0,512.0,94.0,250.0,,90.0
169,1945,64.0,20.0,58.0,44.0,0.0,0.0,190.0,496.0,116.0,182.0,,104.0
18,1945,91.0,37.0,55.0,30.0,0.0,0.0,379.0,448.0,55.0,149.0,,105.0
184,1945,54.0,36.0,64.0,14.0,0.0,0.0,483.0,490.0,26.0,124.0,,34.0
185,1945,52.0,24.0,54.0,14.0,0.0,0.0,336.0,506.0,44.0,132.0,,30.0
187,1945,42.0,14.0,42.0,18.0,0.0,0.0,298.0,388.0,96.0,114.0,,10.0
188,1945,48.0,18.0,70.0,16.0,0.0,0.0,392.0,350.0,54.0,104.0,,40.0
191,1945,58.0,42.0,58.0,40.0,0.0,0.0,186.0,392.0,36.0,246.0,,68.0
192,1945,54.0,30.0,72.0,42.0,0.0,0.0,284.0,394.0,46.0,270.0,,94.0
45,1945,55.0,16.0,48.0,22.0,0.0,0.0,260.0,411.0,59.0,173.0,,55.0
BOX,1945,65.0,20.0,58.0,24.0,0.0,0.0,353.0,457.0,60.0,169.0,,65.0
CHOLL,1945,48.0,32.0,52.0,26.0,0.0,0.0,290.0,604.0,30.0,288.0,,84.0
DESGR,1945,56.0,34.0,71.0,36.0,0.0,0.0,389.0,602.0,46.0,156.0,,51.0
DESRI,1945,53.0,27.0,67.0,25.0,0.0,0.0,215.0,537.0,29.0,275.0,,92.0
DESST,1945,48.0,43.0,54.0,0.0,0.0,0.0,151.0,381.0,36.0,93.0,,68.0
ERIOP,1945,46.0,21.0,47.0,34.0,0.0,0.0,217.0,404.0,74.0,179.0,,85.0
FLORI,1945,148.0,33.0,139.0,60.0,0.0,0.0,444.0,578.0,36.0,150.0,,73.0
FORES,1945,88.0,21.0,97.0,46.0,0.0,0.0,339.0,578.0,36.0,150.0,,56.0
GRARI,1945,50.0,12.0,72.0,17.0,0.0,0.0,373.0,417.0,71.0,113.0,,47.0
HUERF,1945,60.0,27.0,65.0,37.0,0.0,0.0,185.0,426.0,28.0,199.0,,110.0
HUGHE,1945,49.0,15.0,64.0,6.0,0.0,0.0,337.0,395.0,48.0,138.0,,60.0
LIMST,1945,50.0,22.0,80.0,40.0,0.0,0.0,214.0,422.0,26.0,312.0,,90.0
MUHLE,1945,43.0,17.0,56.0,10.0,0.0,0.0,187.0,523.0,18.0,92.0,,80.0
NE,1945,52.0,52.0,53.0,29.0,0.0,0.0,121.0,482.0,28.0,278.0,,64.0
NW,1945,42.0,61.0,55.0,3.0,0.0,0.0,241.0,393.0,28.0,98.0,,48.0
PARKE,1945,117.0,17.0,81.0,33.0,0.0,0.0,374.0,590.0,46.0,123.0,,87.0
ROAD,1945,55.0,19.0,51.0,21.0,0.0,0.0,391.0,532.0,64.0,148.0,,27.0
ROBIN,1945,125.0,30.0,79.0,30.0,0.0,0.0,428.0,511.0,33.0,128.0,,110.0
RODEN,1945,57.0,15.0,46.0,10.0,0.0,0.0,365.0,476.0,27.0,99.0,,30.0
RUELA,1945,95.0,42.0,55.0,32.0,0.0,0.0,165.0,487.0,162.0,150.0,,133.0
SW,1945,45.0,15.0,51.0,7.0,0.0,0.0,331.0,380.0,107.0,77.0,,30.0
WHITE,1945,68.0,24.0,87.0,24.0,0.0,0.0,524.0,651.0,21.0,134.0,,38.0
130,1946,271.0,4.0,31.0,11.0,0.0,0.0,274.0,488.0,318.0,46.0,149.0,42.0
131,1946,192.0,3.0,21.0,7.0,0.0,0.0,320.0,441.0,347.0,60.0,131.0,66.0
149,1946,262.0,2.0,34.0,0.0,0.0,0.0,216.0,672.0,280.0,42.0,116.0,48.0
152,1946,296.0,8.0,36.0,18.0,0.0,0.0,322.0,662.0,322.0,60.0,156.0,40.0
155,1946,210.0,4.0,32.0,0.0,0.0,0.0,320.0,418.0,328.0,30.0,96.0,44.0
161,1946,212.0,2.0,20.0,0.0,0.0,0.0,244.0,540.0,352.0,32.0,96.0,40.0
163,1946,208.0,12.0,32.0,0.0,0.0,0.0,234.0,508.0,396.0,40.0,94.0,36.0
164,1946,230.0,0.0,32.0,0.0,0.0,0.0,320.0,542.0,370.0,32.0,96.0,68.0
166,1946,284.0,6.0,32.0,8.0,0.0,0.0,284.0,702.0,256.0,46.0,146.0,32.0
169,1946,296.0,12.0,38.0,6.0,0.0,0.0,306.0,750.0,300.0,38.0,156.0,40.0
18,1946,295.0,5.0,30.0,11.0,0.0,0.0,323.0,726.0,381.0,48.0,130.0,37.0
184,1946,294.0,10.0,36.0,32.0,0.0,0.0,362.0,432.0,282.0,64.0,144.0,44.0
185,1946,274.0,8.0,30.0,26.0,0.0,0.0,328.0,534.0,480.0,60.0,130.0,76.0
187,1946,206.0,6.0,14.0,6.0,0.0,0.0,340.0,400.0,572.0,32.0,124.0,60.0
188,1946,198.0,6.0,14.0,0.0,0.0,0.0,374.0,374.0,440.0,38.0,82.0,58.0
191,1946,260.0,4.0,40.0,6.0,0.0,0.0,376.0,451.0,352.0,26.0,112.0,44.0
192,1946,200.0,8.0,50.0,8.0,0.0,0.0,308.0,464.0,294.0,30.0,114.0,36.0
205,1946,258.425,6.25,33.175,11.925,0.0,0.0,244.0,644.0,227.0,75.0,143.0,39.0
45,1946,248.0,5.0,34.0,20.0,0.0,0.0,324.0,453.0,322.0,46.0,130.0,40.0
BOX,1946,325.0,7.0,34.0,23.0,0.0,0.0,270.0,503.0,376.0,46.0,152.0,38.0
CHOLL,1946,240.0,3.0,33.0,0.0,0.0,0.0,308.0,494.0,310.0,32.0,102.0,40.0
DESGR,1946,348.0,17.0,48.0,37.0,0.0,0.0,403.0,531.0,321.0,89.0,150.0,52.0
DESRI,1946,192.0,3.0,34.0,0.0,0.0,0.0,346.0,360.0,276.0,45.0,98.0,41.0
DESST,1946,189.0,2.0,40.0,3.0,0.0,0.0,194.0,459.0,343.0,26.0,85.0,35.0
ERIOP,1946,260.0,3.0,36.0,6.0,0.0,0.0,186.0,668.0,314.0,49.0,139.0,38.0
FLORI,1946,450.0,18.0,64.0,63.0,0.0,0.0,535.0,512.0,368.0,64.0,175.0,86.0
FORES,1946,376.0,11.0,51.0,39.0,0.0,0.0,468.0,431.0,333.0,51.0,139.0,71.0
GRARI,1946,194.0,12.0,23.0,11.0,0.0,0.0,202.0,427.0,367.0,43.0,91.0,48.0
HUERF,1946,185.0,4.0,36.0,6.0,0.0,0.0,190.0,525.0,277.0,42.0,135.0,40.0
HUGHE,1946,190.0,0.0,28.0,0.0,0.0,0.0,207.0,437.0,308.0,29.0,88.0,42.0
LIMST,1946,246.0,4.0,30.0,8.0,0.0,0.0,356.0,477.0,246.0,24.0,102.0,40.0
MCGIB,1946,258.425,6.25,33.175,11.925,0.0,0.0,307.0,503.0,279.0,71.0,162.0,55.0
MUHLE,1946,187.0,1.0,14.0,0.0,0.0,0.0,142.0,484.0,254.0,41.0,111.0,51.0
NE,1946,192.0,2.0,42.0,0.0,0.0,0.0,283.0,363.0,388.0,33.0,116.0,40.0
NW,1946,190.0,0.0,35.0,3.0,0.0,0.0,228.0,394.0,345.0,21.0,85.0,40.0
PARKE,1946,382.0,11.0,41.0,27.0,0.0,0.0,334.0,586.0,289.0,60.0,159.0,50.0
ROAD,1946,186.0,12.0,22.0,14.0,0.0,0.0,460.0,348.0,286.0,55.0,154.0,51.0
ROBIN,1946,395.0,9.0,50.0,15.0,0.0,0.0,337.0,690.0,405.0,48.0,150.0,43.0
RODEN,1946,240.0,4.0,12.0,10.0,0.0,0.0,405.0,329.0,216.0,57.0,127.0,57.0
RUELA,1946,304.0,11.0,40.0,6.0,0.0,0.0,337.0,773.0,335.0,47.0,132.0,37.0
SW,1946,242.0,3.0,18.0,5.0,0.0,0.0,403.0,473.0,449.0,44.0,114.0,60.0
WHITE,1946,388.0,8.0,40.0,42.0,0.0,0.0,324.0,401.0,273.0,73.0,140.0,62.0
130,1947,17.0,6.0,30.0,0.0,21.0,10.0,195.0,198.0,83.0,67.0,71.0,109.0
131,1947,35.0,7.0,20.0,0.0,49.0,10.0,196.0,174.0,94.0,30.0,84.0,93.0
149,1947,50.0,6.0,24.0,0.0,8.0,20.0,114.0,154.0,132.0,34.0,82.0,115.0
152,1947,28.0,6.0,30.0,0.0,14.0,22.0,190.0,326.0,146.0,32.0,102.0,121.0
155,1947,28.0,2.0,20.0,0.0,34.0,70.0,88.0,118.0,92.0,42.0,50.0,90.0
161,1947,38.0,4.0,24.0,0.0,0.0,67.0,116.0,68.0,58.0,32.0,60.0,80.0
163,1947,40.0,4.0,34.0,0.0,0.0,92.0,66.0,164.0,68.0,36.0,74.0,100.0
164,1947,40.0,3.0,24.0,0.0,0.0,52.0,82.0,124.0,112.0,22.0,76.0,90.0
166,1947,26.0,8.0,28.0,0.0,0.0,32.0,130.0,174.0,133.0,22.0,104.0,130.0
169,1947,26.0,6.0,34.0,14.0,0.0,0.0,116.0,162.0,126.0,16.0,124.0,84.0
18,1947,30.0,7.0,26.0,18.0,20.0,0.0,128.0,170.0,138.0,24.0,83.0,115.0
184,1947,46.0,12.0,24.0,0.0,90.0,0.0,162.0,274.0,96.0,20.0,104.0,90.0
185,1947,40.0,6.0,26.0,0.0,76.0,0.0,178.0,266.0,120.0,22.0,89.0,82.0
187,1947,42.0,6.0,20.0,0.0,84.0,28.0,70.0,260.0,212.0,42.0,70.0,92.0
188,1947,52.0,2.0,24.0,0.0,66.0,18.0,44.0,402.0,134.0,21.0,76.0,76.0
191,1947,48.0,4.0,58.0,0.0,0.0,70.0,100.0,172.0,174.0,20.0,106.0,110.0
192,1947,48.0,6.0,42.0,0.0,0.0,22.0,42.0,146.0,244.0,24.0,108.0,130.0
205,1947,27.0,0.0,29.0,8.0,14.0,29.0,162.0,184.0,132.0,39.0,74.0,114.0
45,1947,17.0,6.0,35.0,0.0,14.0,20.0,297.0,156.0,114.0,28.0,75.0,111.0
BOX,1947,23.0,7.0,37.0,0.0,15.0,26.0,198.0,293.0,164.0,25.0,95.0,110.0
CHOLL,1947,46.0,2.0,36.0,0.0,0.0,70.0,90.0,142.0,100.0,28.0,74.0,120.0
DESGR,1947,36.0,11.0,33.0,11.0,49.0,9.0,202.0,330.0,177.0,56.0,89.0,69.0
DESRI,1947,41.0,5.0,29.0,0.0,0.0,43.0,73.0,156.0,147.0,34.0,67.0,120.0
DESST,1947,32.0,5.0,20.0,0.0,129.0,69.0,32.0,118.0,48.0,40.0,82.0,93.0
ERIOP,1947,35.0,7.0,27.0,0.0,0.0,32.0,143.0,206.0,119.0,32.0,86.0,130.0
FLORI,1947,39.0,30.0,24.0,26.0,15.0,0.0,319.0,330.0,208.0,59.0,156.0,141.0
FORES,1947,28.0,21.0,31.0,17.0,19.0,0.0,175.0,281.0,111.0,47.0,136.0,132.0
GRARI,1947,16.0,2.0,22.0,0.0,53.0,50.0,37.0,270.0,101.0,48.0,71.0,80.0
HUERF,1947,59.0,8.0,30.0,0.0,0.0,0.0,68.0,129.0,178.0,18.0,102.0,125.0
HUGHE,1947,34.0,2.0,27.0,0.0,51.0,76.0,114.0,103.0,74.0,48.0,74.0,88.0
LIMST,1947,38.0,4.0,24.0,0.0,0.0,0.0,52.0,160.0,228.0,18.0,106.0,120.0
MCGIB,1947,38.0,5.0,29.0,28.0,45.0,33.0,209.0,228.0,163.0,27.0,86.0,163.0
MUHLE,1947,35.0,4.0,21.0,0.0,0.0,55.0,163.0,133.0,101.0,22.0,76.0,127.0
NE,1947,36.0,5.0,42.0,0.0,0.0,61.0,69.0,175.0,78.0,15.0,90.0,115.0
NW,1947,31.0,3.0,28.0,0.0,99.0,75.0,21.0,145.0,86.0,44.0,91.0,80.0
PARKE,1947,33.0,12.0,27.0,5.0,4.0,0.0,242.0,230.0,186.0,32.0,105.0,188.0
ROAD,1947,35.0,6.0,21.0,0.0,30.0,15.0,222.0,212.0,56.0,42.0,84.0,102.0
ROBIN,1947,28.0,10.0,30.0,9.0,11.0,5.0,117.0,202.0,268.0,17.0,84.0,255.0
RODEN,1947,15.0,6.0,23.0,0.0,8.0,45.0,219.0,159.0,66.0,32.0,77.0,98.0
RUELA,1947,25.0,16.0,32.0,18.0,9.0,0.0,128.0,211.0,130.0,20.0,117.0,101.0
SW,1947,21.0,5.0,14.0,0.0,103.0,45.0,111.0,161.0,132.0,50.0,73.0,111.0
WHITE,1947,42.0,16.0,28.0,11.0,61.0,0.0,153.0,219.0,133.0,33.0,93.0,90.0
130,1948,0.0,240.0,32.0,0.0,0.0,10.0,375.0,106.0,159.0,56.0,0.0,115.0
131,1948,0.0,222.0,28.0,0.0,0.0,10.0,372.0,159.0,44.0,38.0,0.0,106.0
149,1948,0.0,190.0,32.0,0.0,0.0,12.0,418.0,34.0,170.0,58.0,0.0,108.0
152,1948,0.0,230.0,32.0,0.0,0.0,10.0,338.0,86.0,186.0,110.0,0.0,80.0
155,1948,0.0,188.0,32.0,0.0,0.0,12.0,408.0,130.0,74.0,64.0,0.0,80.0
161,1948,0.0,178.0,22.0,0.0,0.0,12.0,368.0,118.0,56.0,42.0,0.0,72.0
163,1948,0.0,208.0,28.0,0.0,0.0,12.0,322.0,74.0,116.0,70.0,0.0,72.0
164,1948,0.0,220.0,24.0,0.0,0.0,12.0,236.0,46.0,98.0,72.0,0.0,62.0
166,1948,0.0,232.0,36.0,0.0,0.0,10.0,372.0,74.0,226.0,80.0,0.0,116.0
169,1948,0.0,214.0,38.0,0.0,0.0,10.0,386.0,120.0,160.0,112.0,0.0,130.0
18,1948,0.0,218.0,31.0,0.0,0.0,9.0,240.0,160.0,85.0,111.0,0.0,132.0
184,1948,0.0,232.0,32.0,0.0,0.0,10.0,428.0,226.0,60.0,40.0,0.0,126.0
185,1948,0.0,224.0,30.0,0.0,0.0,10.0,308.0,196.0,58.0,46.0,0.0,108.0
187,1948,0.0,168.0,30.0,0.0,0.0,10.0,338.0,308.0,84.0,50.0,0.0,100.0
188,1948,0.0,186.0,26.0,0.0,0.0,12.0,382.0,304.0,80.0,42.0,0.0,80.0
191,1948,0.0,208.0,34.0,0.0,0.0,10.0,402.0,174.0,84.0,74.0,0.0,84.0
192,1948,0.0,208.0,36.0,0.0,0.0,10.0,482.0,170.0,148.0,74.0,0.0,116.0
205,1948,0.0,234.0,36.0,0.0,0.0,11.195121951219512,364.0,98.0,156.0,56.0,0.0,58.0
45,1948,0.0,241.0,29.0,0.0,0.0,11.0,356.0,86.0,140.0,39.0,0.0,113.0
BOX,1948,0.0,248.0,29.0,0.0,0.0,10.0,347.0,51.0,218.0,81.0,0.0,135.0
CHOLL,1948,0.0,210.0,32.0,0.0,0.0,12.0,282.0,136.0,64.0,74.0,0.0,70.0
DESGR,1948,0.0,258.0,37.0,0.0,0.0,16.0,291.0,248.0,196.0,97.0,4.0,70.0
DESRI,1948,0.0,209.0,33.0,0.0,0.0,11.0,289.0,18.0,88.0,65.0,0.0,76.0
DESST,1948,0.0,190.0,20.0,0.0,0.0,12.0,306.0,156.0,65.0,68.0,0.0,74.0
ERIOP,1948,0.0,237.0,34.0,0.0,0.0,10.0,394.0,49.0,171.0,62.0,0.0,118.0
FLORI,1948,0.0,324.0,54.0,0.0,0.0,12.0,455.0,196.0,174.0,146.0,0.0,185.0
FORES,1948,0.0,261.0,42.0,0.0,0.0,13.0,280.0,185.0,189.0,108.0,0.0,150.0
GRARI,1948,0.0,184.0,26.0,0.0,0.0,12.0,395.0,229.0,74.0,86.0,0.0,76.0
HUERF,1948,0.0,217.0,28.0,0.0,0.0,11.0,445.0,121.0,165.0,78.0,0.0,122.0
HUGHE,1948,0.0,208.0,29.0,0.0,0.0,13.0,384.0,136.0,45.0,64.0,0.0,78.0
LIMST,1948,0.0,204.0,34.0,0.0,0.0,12.0,508.0,60.0,152.0,66.0,0.0,96.0
MCGIB,1948,0.0,211.0,40.0,0.0,0.0,12.0,298.0,170.0,155.0,100.0,0.0,146.0
MUHLE,1948,0.0,225.0,28.0,0.0,0.0,12.0,405.0,145.0,132.0,44.0,0.0,91.0
NE,1948,0.0,227.0,33.0,0.0,0.0,12.0,287.0,126.0,69.0,83.0,0.0,78.0
NW,1948,0.0,194.0,22.0,0.0,0.0,13.0,265.0,143.0,56.0,68.0,0.0,78.0
PARKE,1948,0.0,220.0,33.0,0.0,0.0,15.0,350.0,136.0,210.0,110.0,0.0,148.0
ROAD,1948,0.0,215.0,31.0,0.0,0.0,9.0,353.0,148.0,84.0,40.0,0.0,116.0
ROBIN,1948,0.0,240.0,32.0,0.0,0.0,10.0,359.0,134.0,105.0,95.0,0.0,174.0
RODEN,1948,0.0,237.0,29.0,0.0,0.0,9.0,333.0,104.0,96.0,43.0,0.0,122.0
RUELA,1948,0.0,211.0,30.0,0.0,0.0,9.0,403.0,166.0,55.0,108.0,0.0,138.0
SW,1948,0.0,192.0,34.0,0.0,0.0,12.0,378.0,185.0,47.0,52.0,0.0,102.0
WHITE,1948,0.0,230.0,36.0,0.0,0.0,10.0,501.0,275.0,62.0,49.0,0.0,122.0
130,1949,226.0,74.0,30.0,20.0,0.0,60.0,309.0,347.0,242.0,214.0,2.0,160.0
131,1949,196.0,69.0,27.0,13.0,0.0,17.75,209.0,70.0,146.0,36.0,0.0,160.0
149,1949,189.0,42.0,20.0,0.0,0.0,17.75,404.0,200.0,148.0,40.0,68.0,132.0
152,1949,252.0,61.0,36.0,32.0,0.0,24.0,414.0,346.0,164.0,82.0,4.0,169.16666666666666
155,1949,156.0,38.0,20.0,0.0,0.0,68.0,228.0,134.0,116.0,60.0,0.0,169.16666666666666
161,1949,158.0,36.0,16.0,0.0,0.0,16.0,238.0,204.0,72.0,16.0,20.0,169.16666666666666
163,1949,164.0,38.0,20.0,0.0,0.0,12.0,322.0,212.0,142.0,46.0,22.0,169.16666666666666
164,1949,154.0,26.0,26.0,0.0,0.0,0.0,424.0,204.0,172.0,48.0,8.0,128.0
166,1949,188.0,80.0,24.0,28.0,0.0,4.0,372.0,299.0,222.0,46.0,64.0,169.16666666666666
169,1949,272.0,74.0,26.0,22.0,0.0,17.75,576.0,380.0,111.0,68.46341463414635,38.0,169.16666666666666
18,1949,245.0,84.0,45.0,31.0,0.0,17.75,567.0,218.0,193.0,93.0,11.0,160.0
184,1949,218.0,78.0,18.0,22.0,0.0,18.0,276.0,84.0,98.0,52.0,0.0,169.16666666666666
185,1949,192.0,78.0,32.0,20.0,0.0,24.0,190.0,72.0,136.0,46.0,0.0,140.0
187,1949,190.0,62.0,28.0,8.0,0.0,36.0,166.0,76.0,90.0,42.0,0.0,169.16666666666666
188,1949,180.0,42.0,22.0,6.0,0.0,4.0,120.0,82.0,62.0,78.0,0.0,169.16666666666666
191,1949,186.0,42.0,50.0,22.0,0.0,8.0,386.0,262.0,100.0,36.0,72.0,169.16666666666666
192,1949,190.0,54.0,42.0,22.0,0.0,10.0,514.0,286.0,102.0,36.0,52.0,169.16666666666666
205,1949,244.0,68.0,28.0,19.0,0.0,18.0,378.0,378.0,174.0,106.0,21.0,182.0
45,1949,207.0,68.0,31.0,19.0,0.0,5.0,422.0,324.0,338.0,199.0,12.0,163.0
BOX,1949,244.0,67.0,32.0,27.0,0.0,5.0,352.0,600.0,237.0,94.0,0.0,165.0
CHOLL,1949,174.0,36.0,36.0,0.0,0.0,17.75,324.0,210.0,120.0,28.0,38.0,155.0
DESGR,1949,317.0,77.0,33.0,31.0,0.0,20.0,314.0,341.0,168.0,110.0,6.0,222.0
DESRI,1949,173.0,39.0,21.0,0.0,0.0,0.0,355.0,198.0,96.0,41.0,59.0,162.0
DESST,1949,139.0,32.0,16.0,0.0,0.0,18.0,278.0,192.0,101.0,29.0,20.0,150.0
ERIOP,1949,201.0,70.0,23.0,18.0,0.0,17.75,442.0,90.0,205.0,100.0,25.0,170.0
FLORI,1949,369.0,128.0,26.0,49.0,0.0,10.0,482.0,287.0,132.0,71.0,12.0,281.0
FORES,1949,257.0,103.0,18.0,11.0,0.0,8.0,419.0,204.0,144.0,72.0,0.0,168.0
GRARI,1949,183.0,49.0,23.0,6.0,0.0,17.75,125.0,142.0,45.0,54.0,0.0,135.0
HUERF,1949,198.0,68.0,23.0,22.0,0.0,19.0,405.0,267.0,164.0,79.0,0.0,177.0
HUGHE,1949,162.0,34.0,18.0,0.0,0.0,38.0,212.0,142.0,158.0,56.0,0.0,144.0
LIMST,1949,188.0,54.0,26.0,14.0,0.0,14.0,422.0,278.0,122.0,24.0,48.0,169.16666666666666
MCGIB,1949,219.0,103.0,27.0,37.0,0.0,17.75,612.0,408.0,318.0,80.0,0.0,265.0
MUHLE,1949,171.0,49.0,19.0,0.0,0.0,4.0,346.0,86.0,131.0,70.0,9.0,156.0
NE,1949,181.0,29.0,38.0,0.0,0.0,17.75,358.0,275.0,94.0,28.0,37.0,156.0
NW,1949,144.0,17.0,41.0,0.0,0.0,20.0,207.0,240.0,94.0,46.0,23.0,142.0
PARKE,1949,276.0,82.0,24.0,37.0,0.0,17.75,527.0,412.0,218.0,80.0,0.0,175.0
ROAD,1949,193.0,78.0,26.0,22.0,0.0,17.75,256.0,100.0,84.0,63.0,0.0,167.0
ROBIN,1949,285.0,90.0,35.0,41.0,0.0,17.75,593.0,481.0,391.0,140.0,0.0,194.0
RODEN,1949,207.0,71.0,35.0,16.0,0.0,13.0,222.0,114.0,202.0,74.0,0.0,158.0
RUELA,1949,230.0,95.0,30.0,35.0,0.0,17.75,818.0,493.0,157.0,76.0,72.0,185.0
SW,1949,189.0,63.0,34.0,13.0,0.0,21.0,282.0,113.0,114.0,45.0,0.0,159.0
WHITE,1949,233.0,88.0,16.0,26.0,0.0,17.75,413.0,121.0,111.0,71.0,0.0,164.0
130,1950,45.0,132.0,17.0,0.0,0.0,40.0,677.0,108.0,10.0,0.0,0.0,0.0
131,1950,44.0,141.0,0.0,0.0,0.0,5.0,786.0,63.0,0.0,0.0,0.0,0.0
149,1950,36.0,130.0,0.0,0.0,1.8148148148148149,42.0,634.0,56.0,41.26086956521739,0.23809523809523808,0.0,0.0
152,1950,39.2,141.8,21.482758620689655,0.0,1.8148148148148149,47.03333333333333,752.1,88.34482758620689,41.26086956521739,0.23809523809523808,0.0,0.0
155,1950,39.2,141.8,21.482758620689655,0.0,1.8148148148148149,47.03333333333333,752.1,88.34482758620689,41.26086956521739,0.23809523809523808,0.0,0.0
161,1950,39.2,141.8,21.482758620689655,0.0,1.8148148148148149,47.03333333333333,752.1,88.34482758620689,41.26086956521739,0.23809523809523808,0.0,0.0
163,1950,39.2,141.8,21.482758620689655,0.0,1.8148148148148149,47.03333333333333,752.1,88.34482758620689,41.26086956521739,0.23809523809523808,0.0,0.0
164,1950,36.0,122.0,0.0,0.0,1.8148148148148149,36.0,696.0,70.0,28.0,0.23809523809523808,0.0,0.0
166,1950,39.2,141.8,21.482758620689655,0.0,1.8148148148148149,47.03333333333333,752.1,88.34482758620689,41.26086956521739,0.23809523809523808,0.0,0.0
169,1950,39.2,141.8,21.482758620689655,0.0,1.8148148148148149,47.03333333333333,752.1,88.34482758620689,41.26086956521739,0.23809523809523808,0.0,0.0
18,1950,28.0,150.0,14.0,0.0,0.0,66.0,528.0,124.0,58.0,0.23809523809523808,0.0,0.0
184,1950,39.2,141.8,21.482758620689655,0.0,1.8148148148148149,47.03333333333333,752.1,88.34482758620689,41.26086956521739,0.23809523809523808,0.0,0.0
185,1950,54.0,146.0,2.0,0.0,1.8148148148148149,0.0,551.0,58.0,41.26086956521739,0.23809523809523808,0.0,0.0
187,1950,39.2,141.8,21.482758620689655,0.0,1.8148148148148149,47.03333333333333,752.1,88.34482758620689,41.26086956521739,0.23809523809523808,0.0,0.0
188,1950,39.2,141.8,21.482758620689655,0.0,1.8148148148148149,47.03333333333333,752.1,88.34482758620689,41.26086956521739,0.23809523809523808,0.0,0.0
191,1950,39.2,141.8,21.482758620689655,0.0,1.8148148148148149,47.03333333333333,752.1,88.34482758620689,41.26086956521739,0.23809523809523808,0.0,0.0
192,1950,39.2,141.8,21.482758620689655,0.0,1.8148148148148149,47.03333333333333,752.1,88.34482758620689,41.26086956521739,0.23809523809523808,0.0,0.0
205,1950,27.0,121.0,19.0,0.0,4.0,62.0,655.0,51.0,38.0,3.0,0.0,0.0
45,1950,40.0,119.0,7.0,0.0,0.0,55.0,738.0,36.0,21.0,0.0,0.0,0.0
BOX,1950,47.0,153.0,27.0,0.0,0.0,51.0,692.0,147.0,19.0,0.0,0.0,0.0
CHOLL,1950,29.0,116.0,0.0,0.0,0.0,50.0,620.0,50.0,41.26086956521739,0.23809523809523808,0.0,0.0
DESGR,1950,28.0,161.0,28.0,0.0,6.0,48.0,890.0,179.0,25.0,2.0,0.0,0.0
DESRI,1950,42.0,115.0,0.0,0.0,0.0,30.0,645.0,52.0,46.0,0.0,0.0,0.0
DESST,1950,28.0,119.0,0.0,0.0,0.0,0.0,698.0,71.0,41.26086956521739,0.23809523809523808,0.0,0.0
ERIOP,1950,42.0,131.0,22.0,0.0,0.0,55.0,559.0,52.0,35.0,0.0,0.0,0.0
FLORI,1950,55.0,229.0,75.0,0.0,21.0,62.0,958.0,139.0,48.0,0.0,0.0,0.0
FORES,1950,48.0,151.0,20.0,0.0,0.0,56.0,765.0,181.0,39.0,0.0,0.0,0.0
GRARI,1950,31.0,127.0,1.0,0.0,0.0,0.0,712.0,98.0,91.0,0.0,0.0,0.0
HUERF,1950,38.0,118.0,14.0,0.0,0.0,51.0,646.0,38.0,53.0,0.0,0.0,0.0
HUGHE,1950,34.0,113.0,0.0,0.0,0.0,0.0,926.0,47.0,41.26086956521739,0.23809523809523808,0.0,0.0
LIMST,1950,39.2,141.8,21.482758620689655,0.0,1.8148148148148149,47.03333333333333,752.1,88.34482758620689,41.26086956521739,0.23809523809523808,0.0,0.0
MCGIB,1950,42.0,206.0,66.0,0.0,18.0,119.0,827.0,132.0,52.0,0.0,0.0,0.0
MUHLE,1950,34.0,120.0,0.0,0.0,0.0,19.0,782.0,57.0,45.0,0.0,0.0,0.0
NE,1950,33.0,122.0,6.0,0.0,0.0,169.0,590.0,88.34482758620689,41.26086956521739,0.23809523809523808,0.0,0.0
NW,1950,29.0,125.0,0.0,0.0,0.0,25.0,652.0,87.0,57.0,0.0,0.0,0.0
PARKE,1950,42.0,173.0,48.0,0.0,0.0,140.0,692.0,116.0,41.0,0.0,0.0,0.0
ROAD,1950,49.0,141.0,4.0,0.0,0.0,28.0,846.0,84.0,28.0,0.0,0.0,0.0
ROBIN,1950,42.0,183.0,61.0,0.0,0.0,130.0,898.0,126.0,41.26086956521739,0.23809523809523808,0.0,0.0
RODEN,1950,49.0,126.0,21.482758620689655,0.0,0.0,20.0,947.0,57.0,25.0,0.0,0.0,0.0
RUELA,1950,34.0,172.0,172.0,0.0,0.0,50.0,1089.0,120.0,64.0,0.0,0.0,0.0
SW,1950,42.0,129.0,0.0,0.0,0.0,0.0,886.0,94.0,61.0,0.0,0.0,0.0
WHITE,1950,48.0,163.0,20.0,0.0,0.0,2.0,978.0,69.0,65.0,0.0,0.0,0.0
130,1951,214.0,34.0,18.0,255.0,0.0,0.0,212.0,387.0,57.0,207.0,102.0,151.0
131,1951,238.0,23.0,0.0,190.0,0.0,0.0,222.0,343.0,88.0,254.0,93.0,138.0
140,1951,237.83333333333334,30.32,12.166666666666666,234.83333333333334,0.2,0.0,224.0,346.0,70.0,260.0,94.0,130.0
152,1951,237.83333333333334,34.0,14.0,294.0,0.0,0.0,214.0,460.0,64.0,206.0,118.0,158.0
164,1951,235.0,12.0,12.166666666666666,180.0,0.0,0.0,225.0,450.0,59.0,215.0,113.0,145.0
205,1951,203.0,47.0,45.0,233.0,0.0,0.0,201.0,425.0,30.0,201.0,104.0,138.0
222,1951,237.83333333333334,30.32,12.166666666666666,234.83333333333334,0.2,0.0,198.0,332.0,50.0,232.0,100.0,128.0
223,1951,237.83333333333334,30.32,12.166666666666666,234.83333333333334,0.2,0.0,181.0,446.0,54.0,200.0,98.0,150.0
228,1951,237.83333333333334,30.32,12.166666666666666,234.83333333333334,0.2,0.0,232.0,368.0,58.0,214.0,54.0,142.0
229,1951,237.83333333333334,30.32,12.166666666666666,234.83333333333334,0.2,0.0,223.0,453.0,78.0,227.0,54.0,164.0
45,1951,227.0,36.0,18.0,250.0,0.0,0.0,220.0,356.0,42.0,212.0,104.0,141.0
AIRST,1951,237.83333333333334,30.32,12.166666666666666,234.83333333333334,0.2,0.0,214.0,494.0,62.0,199.0,118.0,160.0
BOX,1951,217.0,39.0,33.0,290.0,0.0,0.0,253.0,409.0,45.0,218.0,121.0,167.0
DESGR,1951,244.0,44.0,20.0,271.0,5.0,0.0,234.0,398.0,68.0,240.0,101.0,162.0
DESRI,1951,250.0,20.0,10.0,195.0,0.0,0.0,301.0,489.0,50.0,210.0,115.0,158.0
DESST,1951,219.0,16.0,0.0,234.83333333333334,0.0,0.0,279.0,406.0,62.0,222.0,118.0,140.0
ERIOP,1951,225.0,37.0,36.0,225.0,0.0,0.0,267.0,455.0,34.0,192.0,110.0,146.0
FLORI,1951,363.0,34.0,21.0,320.0,0.0,0.0,261.0,471.0,123.0,257.0,128.0,292.0
FORES,1951,270.0,40.0,15.0,255.0,0.0,0.0,263.0,424.0,114.0,275.0,107.0,196.0
GRARI,1951,176.0,24.0,0.0,145.0,0.0,0.0,222.0,294.0,42.0,281.0,120.0,132.0
HUERF,1951,214.0,31.0,21.0,255.0,0.0,0.0,313.0,413.0,30.0,197.0,106.0,150.0
MCGIB,1951,273.0,39.0,13.0,278.0,0.0,0.0,161.0,586.0,69.0,200.0,113.0,233.0
MUHLE,1951,250.0,20.0,0.0,197.0,0.0,0.0,290.0,335.0,63.0,234.0,104.0,140.0
NW,1951,194.0,6.0,0.0,130.0,0.0,0.0,301.0,391.0,52.0,238.0,109.0,127.0
PARKE,1951,262.0,37.0,12.0,267.0,0.0,0.0,154.0,510.0,44.0,210.0,124.0,178.0
ROAD,1951,240.0,29.0,5.0,200.0,0.0,0.0,177.0,387.0,64.0,229.0,94.0,137.0
ROBIN,1951,259.0,40.0,6.0,321.0,0.0,0.0,274.0,614.0,97.0,226.73333333333332,120.0,179.0
RODEN,1951,241.0,31.0,0.0,204.0,0.0,0.0,239.0,331.0,55.0,242.0,93.0,132.0
RUELA,1951,211.0,36.0,0.0,286.0,0.0,0.0,368.0,600.0,104.0,200.0,238.0,164.0
SW,1951,245.0,21.0,0.0,170.0,0.0,0.0,243.0,315.0,112.0,264.0,100.0,140.0
WHITE,1951,238.0,28.0,5.0,225.0,0.0,0.0,272.0,337.0,86.0,266.0,106.0,160.0
130,1952,47.0,5.0,279.0,120.0,0.0,81.0,194.0,185.0,120.0,0.0,227.0,23.0
131,1952,45.0,3.0,221.0,150.0,0.0,105.0,92.0,236.0,93.0,0.0,197.0,27.0
140,1952,44.0,8.0,230.0,134.0,0.0,114.0,112.0,236.0,98.0,0.0,192.0,30.0
152,1952,76.0,8.0,256.0,180.0,0.0,66.0,172.0,271.0357142857143,106.92857142857143,0.0,231.92857142857142,40.107142857142854
164,1952,43.0,1.0,185.0,137.0,0.0,125.0,74.0,342.0,182.0,0.0,214.0,35.0
205,1952,40.0,13.0,260.0,142.0,3.0,74.0,70.0,205.0,70.0,0.0,204.0,44.0
222,1952,36.0,12.0,242.0,152.0,0.0,76.0,106.0,271.0357142857143,106.92857142857143,0.0,231.92857142857142,40.107142857142854
223,1952,46.0,4.0,272.0,134.0,0.0,58.0,136.0,271.0357142857143,106.92857142857143,0.0,231.92857142857142,40.107142857142854
228,1952,50.0,8.0,264.0,172.0,0.0,70.0,96.0,322.0,110.0,0.0,184.0,26.0
229,1952,86.0,20.0,252.0,180.0,0.0,70.0,88.0,402.0,114.0,0.0,264.0,58.0
45,1952,45.0,7.0,263.0,138.0,0.0,76.0,113.0,224.0,110.0,0.0,214.0,24.0
AIRST,1952,68.0,12.0,274.0,172.0,0.0,68.0,190.0,232.0,88.0,0.0,236.0,36.0
BOX,1952,60.0,6.0,205.0,141.0,0.0,65.0,168.0,222.0,105.0,0.0,220.0,23.0
DESGR,1952,81.0,10.0,294.0,159.0,0.0,67.0,96.0,279.0,95.0,0.0,243.0,40.0
DESRI,1952,42.0,5.0,181.0,106.0,0.0,85.0,93.0,261.0,128.0,0.0,263.0,32.0
DESST,1952,44.0,0.0,194.0,106.0,0.0,130.0,46.0,222.0,128.0,0.0,216.0,36.0
ERIOP,1952,35.0,8.0,264.0,139.0,0.0,69.0,110.0,227.0,83.0,0.0,225.0,26.0
FLORI,1952,146.0,37.0,432.0,285.0,0.0,97.0,136.0,470.0,97.0,0.0,342.0,119.0
FORES,1952,109.0,18.0,314.0,203.0,0.0,78.0,110.0,370.0,100.0,0.0,290.0,66.0
GRARI,1952,41.0,0.0,164.0,132.0,0.0,113.0,80.0,111.0,150.0,0.0,168.0,28.0
HUERF,1952,22.0,4.0,252.0,104.0,0.0,65.0,126.0,233.0,105.0,0.0,260.0,24.0
MCGIB,1952,140.0,15.0,325.0,198.0,0.0,80.0,87.0,278.0,69.0,0.0,293.0,64.0
MUHLE,1952,39.0,0.0,203.0,145.0,0.0,125.0,92.0,405.0,83.0,0.0,227.0,40.0
NW,1952,48.0,0.0,165.0,93.0,0.0,95.0,74.0,177.0,183.0,0.0,196.0,33.0
PARKE,1952,100.0,20.0,286.0,226.0,0.0,82.0,80.0,367.0,90.0,0.0,260.0,70.0
ROAD,1952,50.0,11.0,235.0,153.0,0.0,75.0,108.0,296.0,136.0,0.0,221.0,25.0
ROBIN,1952,91.0,0.0,318.0,171.0,0.0,72.0,196.0,269.0,74.0,0.0,244.0,62.0
RODEN,1952,40.0,6.0,216.0,143.0,0.0,98.0,136.0,236.0,106.0,0.0,216.0,26.0
RUELA,1952,40.0,0.0,275.0,140.0,0.0,64.0,179.0,258.0,70.0,0.0,229.0,27.0
SW,1952,47.0,2.0,214.0,153.0,0.0,134.0,172.0,164.0,119.0,0.0,201.0,36.0
WHITE,1952,70.0,8.0,285.0,180.0,0.0,67.0,69.0,360.0,88.0,0.0,248.0,43.0
130,1953,0.6666666666666666,146.0,52.0,35.0,11.0,66.0,297.0,186.0,0.0,2.0,9.0,3.0
131,1953,0.6666666666666666,150.0,51.0,65.0,0.0,21.0,493.0,221.0,0.0,1.0,3.0,2.0
140,1953,0.6666666666666666,136.0,60.0,64.0,0.0,24.0,472.0,104.0,0.0,0.0,4.0,6.0
164,1953,0.6666666666666666,133.0,49.0,21.0,0.0,60.0,298.0,36.0,0.0,3.0,7.0,5.0
205,1953,2.0,130.0,48.0,49.0,10.0,52.0,222.0,195.0,0.0,1.0,12.0,10.0
228,1953,0.6666666666666666,124.0,46.0,54.0,5.0,26.0,342.0,118.0,0.0,2.0,6.0,2.0
229,1953,0.6666666666666666,152.0,64.0,32.0,14.0,32.0,424.0,176.0,0.0,10.0,20.0,12.0
45,1953,0.6666666666666666,148.0,52.0,60.0,7.0,46.0,319.0,155.0,0.0,0.0,5.0,13.0
AIRST,1953,0.6666666666666666,144.0,66.0,28.0,18.0,24.0,448.0,146.0,0.0,2.0,12.0,14.0
BOX,1953,0.6666666666666666,149.0,56.0,35.0,17.0,31.0,368.0,87.0,0.0,0.0,15.0,11.0
DESGR,1953,0.0,170.0,70.0,48.0,18.0,53.0,383.0,197.0,0.0,3.0,9.0,6.0
DESRI,1953,0.6666666666666666,135.0,50.0,41.0,0.0,106.0,288.0,106.0,0.0,4.0,8.0,6.0
DESST,1953,0.6666666666666666,140.0,50.0,24.0,0.0,32.0,230.0,22.0,0.0,3.0,6.0,5.0
ERIOP,1953,0.6666666666666666,151.0,56.0,50.0,10.0,33.0,297.0,128.0,0.0,5.0,19.0,9.0
FLORI,1953,0.0,214.0,89.0,38.0,18.0,36.0,584.0,182.0,0.0,18.0,16.0,10.0
FORES,1953,0.6666666666666666,176.0,81.0,36.0,17.0,38.0,526.0,115.0,0.0,12.0,14.0,8.0
GRARI,1953,0.6666666666666666,130.0,31.0,6.0,9.0,5.0,424.0,90.0,0.0,0.0,0.0,4.0
HUERF,1953,0.6666666666666666,139.0,54.0,41.0,5.0,43.0,444.0,122.0,0.0,5.0,20.0,9.0
MCGIB,1953,0.6666666666666666,202.0,86.0,29.0,17.0,77.0,372.0,372.0,0.0,8.0,20.0,12.0
MUHLE,1953,0.6666666666666666,138.0,48.0,50.0,0.0,76.0,270.0,169.0,0.0,4.0,8.0,7.0
NW,1953,0.6666666666666666,130.0,60.0,26.0,0.0,9.0,270.0,20.0,0.0,2.0,0.0,4.0
PARKE,1953,0.6666666666666666,175.0,58.0,26.0,15.0,41.0,377.0,239.0,0.0,5.0,15.0,6.0
ROAD,1953,0.6666666666666666,150.0,50.0,71.0,5.0,37.0,377.0,207.0,0.0,1.0,5.0,2.0
ROBIN,1953,0.6666666666666666,180.0,63.0,24.0,25.0,59.0,304.0,207.0,0.0,8.0,18.0,18.0
RODEN,1953,0.6666666666666666,148.0,49.0,67.0,5.0,50.0,354.0,270.0,0.0,2.0,5.0,5.0
RUELA,1953,0.6666666666666666,160.0,54.0,25.0,0.0,22.0,324.0,160.0,0.0,5.0,16.0,7.555555555555555
SW,1953,0.6666666666666666,144.0,53.0,37.0,10.0,8.0,375.0,178.0,0.0,1.0,1.0,10.0
WHITE,1953,0.6666666666666666,170.0,65.0,31.0,3.0,14.0,317.0,166.0,0.0,5.0,7.0,5.0
130,1954,95.0,43.0,167.0,0.0,28.0,73.0,415.0,379.0,106.0,36.0,0.0,23.0
131,1954,94.0,45.0,162.0,0.0,41.0,112.0,621.0,228.0,191.0,55.0,0.0,10.0
140,1954,94.0,54.0,166.0,0.0,46.0,118.0,614.0,296.0,208.0,60.0,0.0,12.0
164,1954,82.0,66.0,98.0,0.0,63.0,67.0,584.0,263.0,106.0,26.0,0.0,5.0
205,1954,80.0,55.0,143.0,0.0,40.0,82.0,709.0,383.0,102.0,65.0,0.0,18.0
228,1954,98.0,58.0,170.0,0.0,56.0,100.0,626.0,268.0,194.0,42.0,0.0,14.0
229,1954,96.0,66.0,296.0,0.0,76.0,46.0,524.0,352.0,154.0,94.0,0.0,20.0
45,1954,86.0,52.0,146.0,0.0,41.0,63.0,603.0,383.0,91.0,51.0,0.0,15.0
AIRST,1954,90.0,46.0,198.0,0.0,36.0,58.0,322.0,326.0,150.0,56.0,0.0,20.0
BOX,1954,96.0,45.0,154.0,0.0,39.0,52.0,417.0,351.0,132.0,35.0,0.0,16.0
DESGR,1954,106.0,57.0,208.0,0.0,87.0,99.0,680.0,598.0,143.0,41.0,0.0,13.0
DESRI,1954,85.0,63.0,116.0,0.0,66.0,68.0,414.0,196.0,113.0,18.0,0.0,12.0
DESST,1954,78.0,46.0,122.0,0.0,58.0,126.0,726.0,316.0,146.0,10.0,0.0,14.481481481481481
ERIOP,1954,87.0,52.0,137.0,0.0,44.0,93.0,768.0,353.0,89.0,25.0,0.0,18.0
FLORI,1954,147.0,91.0,391.0,0.0,86.0,76.0,660.0,561.0,187.0,37.0,0.0,18.0
FORES,1954,117.0,70.0,312.0,0.0,82.0,64.0,588.0,463.0,124.0,30.0,0.0,19.0
GRARI,1954,86.0,25.0,134.0,0.0,79.0,105.0,862.0,451.0,203.0,12.0,0.0,5.0
HUERF,1954,86.0,60.0,117.0,0.0,64.0,52.0,579.0,312.0,164.0,24.0,0.0,15.0
MCGIB,1954,116.0,72.0,328.0,0.0,80.0,52.0,576.0,387.0,138.0,76.0,0.0,20.0
MUHLE,1954,84.0,44.0,131.0,0.0,65.0,120.0,912.0,312.0,166.0,74.0,0.0,17.0
NW,1954,70.0,70.0,115.0,0.0,63.0,97.0,581.0,163.0,81.0,6.0,0.0,5.0
PARKE,1954,101.0,62.0,318.0,0.0,74.0,51.0,464.0,318.0,186.0,85.0,0.0,19.0
ROAD,1954,92.0,49.0,165.0,0.0,51.0,100.0,545.0,279.0,220.0,77.0,0.0,14.0
ROBIN,1954,104.0,72.0,215.0,0.0,59.0,58.0,499.0,372.0,141.0,55.0,0.0,20.0
RODEN,1954,88.0,45.0,146.0,0.0,28.0,128.0,512.0,393.0,219.0,59.0,0.0,10.0
RUELA,1954,102.0,60.0,135.0,0.0,58.0,47.0,597.0,287.0,123.0,45.0,0.0,15.0
SW,1954,99.0,37.0,155.0,0.0,37.0,143.0,727.0,369.0,175.0,11.0,0.0,10.0
WHITE,1954,115.0,51.0,240.0,0.0,95.0,125.0,762.0,271.0,201.0,59.0,0.0,8.0
130,1955,171.0,38.0,1.1111111111111112,0.0,0.0,0.0,473.0,654.0,15.0,69.0,0.0,26.0
131,1955,175.0,34.0,1.1111111111111112,0.0,0.0,0.0,373.0,993.0,6.0,118.0,0.0,26.0
140,1955,178.0,32.0,0.0,0.0,0.0,0.0,350.0,684.0,8.0,122.0,0.0,22.0
164,1955,192.0,35.0,4.0,0.0,0.0,0.0,478.0,190.0,7.0,108.0,0.0,20.0
205,1955,157.0,38.0,1.1111111111111112,0.0,0.0,0.0,522.0,290.0,7.0,97.0,0.0,29.0
228,1955,198.0,38.0,1.1111111111111112,0.0,0.0,0.0,400.0,1053.0,6.0,98.0,0.0,24.0
229,1955,232.0,60.0,1.1111111111111112,0.0,0.0,0.0,429.0,980.0,36.0,36.0,0.0,22.0
45,1955,198.0,37.0,1.1111111111111112,0.0,0.0,0.0,489.0,503.0,10.0,96.0,0.0,22.0
AIRST,1955,207.0,45.0,1.1111111111111112,0.0,0.0,0.0,454.55555555555554,708.1481481481482,17.48148148148148,81.88888888888889,0.0,26.192307692307693
BOX,1955,189.0,39.0,1.1111111111111112,0.0,0.0,0.0,529.0,769.0,15.0,56.0,0.0,26.0
DESGR,1955,233.0,45.0,2.0,0.0,0.0,0.0,391.0,1430.0,15.0,86.0,0.0,31.0
DESRI,1955,177.0,38.0,1.0,0.0,0.0,0.0,550.0,192.0,10.0,146.0,0.0,25.0
DESST,1955,160.0,32.0,1.1111111111111112,0.0,0.0,0.0,442.0,212.0,10.0,72.0,0.0,24.0
ERIOP,1955,215.0,42.0,1.1111111111111112,0.0,0.0,0.0,540.0,244.0,5.0,93.0,0.0,28.0
FLORI,1955,340.0,98.0,0.0,0.0,0.0,0.0,447.0,1143.0,52.0,78.0,0.0,29.0
FORES,1955,278.0,65.0,2.0,0.0,0.0,0.0,373.0,1185.0,33.0,32.0,0.0,20.0
GRARI,1955,162.0,26.0,1.1111111111111112,0.0,0.0,0.0,486.0,457.0,30.0,64.0,0.0,18.0
HUERF,1955,210.0,44.0,1.1111111111111112,0.0,0.0,0.0,511.0,253.0,15.0,85.0,0.0,35.0
MCGIB,1955,282.0,54.0,1.1111111111111112,0.0,0.0,0.0,552.0,922.0,50.0,57.0,0.0,31.0
MUHLE,1955,186.0,30.0,1.1111111111111112,0.0,0.0,0.0,383.0,250.0,7.0,75.0,0.0,35.0
NW,1955,161.0,24.0,1.1111111111111112,0.0,0.0,0.0,378.0,420.0,5.0,75.0,0.0,26.192307692307693
PARKE,1955,244.0,47.0,1.0,0.0,0.0,0.0,439.0,1062.0,22.0,33.0,0.0,23.0
ROAD,1955,194.0,37.0,0.0,0.0,0.0,0.0,376.0,863.0,10.0,110.0,0.0,30.0
ROBIN,1955,270.0,45.0,1.1111111111111112,0.0,0.0,0.0,615.0,1493.0,41.0,30.0,0.0,29.0
RODEN,1955,164.0,30.0,1.1111111111111112,0.0,0.0,0.0,494.0,529.0,2.0,118.0,0.0,17.0
RUELA,1955,227.0,48.0,1.1111111111111112,0.0,0.0,0.0,678.0,407.0,30.0,67.0,0.0,37.0
SW,1955,175.0,34.0,0.0,0.0,0.0,0.0,314.0,530.0,10.0,94.0,0.0,21.0
WHITE,1955,232.0,51.0,1.1111111111111112,0.0,0.0,0.0,261.0,1412.0,15.0,96.0,0.0,31.0
130,1956,207.0,37.0,0.0,34.0,0.0,15.0,199.0,81.0,23.0,42.35294117647059,35.0,40.0
131,1956,195.0,37.0,0.0,18.0,0.0,15.0,491.0,74.0,30.0,18.0,28.0,32.0
140,1956,200.0,86.0,0.0,26.0,0.0,15.0,436.0,88.0,30.0,22.0,20.818181818181817,42.0
164,1956,147.0,44.0,0.0,31.0,0.0,12.0,141.0,78.0,21.7,19.0,20.818181818181817,47.0
205,1956,29.0,179.0,0.0,18.0,0.0,15.0,235.0,78.0,5.0,19.0,29.0,53.96
228,1956,234.0,106.0,0.0,22.0,0.0,15.0,288.38461538461536,105.96153846153847,21.7,42.35294117647059,20.818181818181817,53.96
229,1956,240.0,43.0,0.0,26.0,0.0,15.0,214.0,146.0,20.0,70.0,20.818181818181817,70.0
45,1956,193.0,41.0,0.0,25.0,0.0,16.6,201.0,69.0,4.0,42.35294117647059,20.818181818181817,41.0
BOX,1956,202.0,34.0,0.0,31.0,0.0,15.0,225.0,103.0,13.0,45.0,20.818181818181817,46.0
DESGR,1956,152.0,138.0,0.0,26.0,0.0,4.0,375.0,100.0,52.0,42.35294117647059,20.818181818181817,42.0
DESRI,1956,147.0,40.0,0.0,25.0,0.0,68.0,100.0,71.0,21.7,34.0,20.818181818181817,53.0
DESST,1956,160.0,55.0,0.0,22.0,0.0,15.0,246.0,50.0,21.7,42.35294117647059,12.0,82.0
ERIOP,1956,178.0,41.0,0.0,16.0,0.0,16.0,282.0,104.0,5.0,52.0,26.0,44.0
FLORI,1956,169.0,143.0,0.0,36.0,0.0,19.0,313.0,154.0,30.0,42.35294117647059,5.0,95.0
FORES,1956,220.0,47.0,0.0,23.0,0.0,15.0,265.0,129.0,33.0,42.35294117647059,4.0,75.0
GRARI,1956,140.0,37.0,0.0,13.0,0.0,15.0,238.0,45.0,28.0,33.0,20.818181818181817,33.0
HUERF,1956,178.0,43.0,0.0,17.0,0.0,15.0,167.0,137.0,21.7,38.0,20.818181818181817,45.0
MCGIB,1956,134.0,64.0,0.0,36.0,0.0,19.0,271.0,223.0,11.0,63.0,5.0,108.0
MUHLE,1956,154.0,53.0,0.0,24.0,0.0,15.0,182.0,107.0,5.0,42.35294117647059,25.0,45.0
NW,1956,130.0,34.0,0.0,20.0,0.0,15.0,285.0,30.0,21.7,42.35294117647059,25.0,77.0
PARKE,1956,244.0,42.0,0.0,30.0,0.0,15.0,272.0,188.0,15.0,55.0,20.818181818181817,81.0
ROAD,1956,218.0,66.0,0.0,18.0,0.0,15.0,431.0,94.0,40.0,46.0,20.818181818181817,37.0
ROBIN,1956,148.0,234.0,0.0,35.0,0.0,7.0,358.0,235.0,29.0,76.0,20.818181818181817,59.0
RODEN,1956,195.0,29.0,0.0,25.0,0.0,15.0,312.0,78.0,20.0,42.35294117647059,35.0,34.0
RUELA,1956,186.0,50.0,0.0,25.0,0.0,15.0,275.0,154.0,21.7,61.0,20.818181818181817,50.0
SW,1956,177.0,55.0,0.0,25.0,0.0,15.0,350.0,50.0,11.0,14.0,20.818181818181817,34.0
WHITE,1956,192.0,34.0,0.0,24.0,0.0,16.6,634.0,89.0,30.0,55.0,20.818181818181817,37.0
130,1957,212.0,46.666666666666664,86.0,35.0,43.2,25.0,280.0,354.0,4.0,191.0,39.0,46.0
131,1957,212.0,10.0,80.0,36.0,43.2,19.0,438.0,490.0,0.0,168.0,45.0,40.0
140,1957,204.0,44.0,66.0,36.0,43.2,22.0,412.0,443.0,0.0,182.0,44.0,38.0
164,1957,178.0,35.0,54.0,24.0,43.2,26.0,153.0,330.0,25.0,183.0,45.0,38.0
205,1957,236.0,44.0,51.0,25.0,43.2,35.0,286.0,394.0,6.0,180.0,34.0,43.0
229,1957,138.0,110.0,108.0,36.0,43.2,42.0,358.0,506.0,2.0,220.0,44.0,60.0
45,1957,206.0,52.0,49.0,32.0,43.2,30.0,243.0,298.0,0.0,176.0,36.0,38.0
BOX,1957,150.0,105.0,80.0,27.0,43.2,38.0,264.0,401.0,0.0,196.0,40.0,50.0
DESGR,1957,216.0,57.0,63.0,48.0,43.2,30.0,456.0,484.0,18.0,215.0,42.0,52.0
DESRI,1957,202.0,40.0,57.0,25.0,43.2,33.0,279.0,391.0,4.0,192.0,37.0,39.0
DESST,1957,46.0,46.666666666666664,40.0,32.32,43.2,30.0,230.0,218.0,0.0,200.0,40.0,38.0
ERIOP,1957,212.0,50.0,46.0,29.0,43.2,35.0,274.0,433.0,11.0,187.0,32.0,45.0
FLORI,1957,370.0,58.0,126.0,48.0,54.0,106.0,383.0,481.0,0.0,291.0,54.0,78.0
FORES,1957,250.0,58.0,81.0,44.0,43.2,50.0,392.0,422.0,0.0,232.0,47.0,52.0
GRARI,1957,193.0,34.0,64.0,24.0,43.2,12.0,386.0,301.0,0.0,187.0,49.0,38.0
HUERF,1957,228.0,44.0,43.0,28.0,43.2,32.0,379.0,496.0,5.0,170.0,34.0,47.0
MCGIB,1957,270.0,40.0,105.0,29.0,40.0,109.0,306.0,535.0,4.0,160.0,52.0,22.0
MUHLE,1957,150.0,71.0,72.0,27.0,10.0,40.0,171.0,442.0,0.0,188.0,41.0,42.0
NE,1957,208.92307692307693,46.666666666666664,72.07692307692308,32.32,43.2,108.0,238.0,237.0,28.0,198.46153846153845,42.46153846153846,44.11538461538461
NW,1957,182.0,15.0,83.0,25.0,43.2,33.0,201.0,285.0,4.0,188.0,43.0,38.0
PARKE,1957,233.0,30.0,123.0,33.0,43.2,65.0,312.0,427.0,6.0,226.0,43.0,56.0
ROAD,1957,213.0,51.0,53.0,38.0,43.2,18.0,397.0,475.0,6.0,182.0,42.0,42.0
ROBIN,1957,249.0,33.0,121.0,30.0,61.0,145.0,291.0,473.0,0.0,240.0,49.0,61.0
RODEN,1957,205.0,35.0,53.0,29.0,43.2,29.0,359.0,430.0,0.0,166.0,39.0,35.0
RUELA,1957,200.0,30.0,40.0,25.0,51.0,129.0,230.0,485.0,0.0,225.0,32.0,34.0
SW,1957,207.0,29.0,64.0,28.0,43.2,25.0,342.0,368.0,0.0,193.0,49.0,32.0
WHITE,1957,270.0,45.0,66.0,47.0,43.2,10.0,482.0,400.0,0.0,222.0,52.0,43.0
130,1958,0.0,134.0,291.0,81.0,5.0,22.0,435.0,438.0,64.0,26.0,141.0,0.0
131,1958,0.0,119.0,301.0,89.0,5.0,59.0,337.0,420.0,80.0,30.0,146.0,0.0
140,1958,0.0,124.0,280.0,88.0,5.0,42.0,294.0,272.0,20.0,30.0,134.0,0.0
164,1958,0.0,99.0,244.0,94.0,5.0,49.0,501.0,365.0,70.0,42.0,147.0,0.0
205,1958,0.0,102.0,260.0,101.0,5.0,22.0,413.0,362.0,91.0,32.0,147.0,0.0
229,1958,0.0,142.0,266.0,74.0,5.0,34.0,804.0,830.0,110.0,26.0,122.0,0.0
45,1958,0.0,108.0,260.0,95.0,5.0,21.0,378.0,350.0,113.0,35.0,182.0,0.0
BOX,1958,0.0,145.0,294.0,88.0,5.0,17.0,493.0,453.0,84.0,38.0,161.0,0.0
DESGR,1958,0.0,145.0,328.0,70.0,5.0,32.0,552.0,576.0,138.0,42.0,182.0,0.0
DESRI,1958,0.0,111.0,220.0,93.0,5.0,56.0,413.0,375.0,30.0,33.0,138.0,0.0
DESST,1958,0.0,98.0,224.0,82.0,0.0,62.0,454.0,348.0,44.0,40.0,136.0,0.0
ERIOP,1958,0.0,114.0,275.0,106.0,4.0,24.0,450.0,419.0,79.0,34.0,184.0,0.0
FLORI,1958,0.0,198.0,409.0,90.0,5.0,213.0,648.0,621.0,235.0,47.0,90.0,0.0
FORES,1958,0.0,148.0,350.0,78.0,5.0,55.0,683.0,746.0,197.0,60.0,207.0,0.0
GRARI,1958,0.0,90.0,219.0,85.0,5.0,79.0,436.0,243.0,11.0,21.0,101.0,0.0
HUERF,1958,0.0,121.0,238.0,93.0,5.0,24.0,495.0,392.0,67.0,30.0,150.0,0.0
MCGIB,1958,0.0,105.0,371.0,80.0,8.0,321.0,517.0,611.0,110.0,39.61538461538461,160.0,0.0
MUHLE,1958,0.0,121.0,248.0,94.0,5.0,71.0,437.0,342.0,94.0,38.0,144.0,0.0
NE,1958,0.0,114.0,246.0,122.0,5.0,34.0,545.0,264.0,190.0,32.0,136.0,0.0
NW,1958,0.0,91.0,246.0,88.0,5.0,58.0,598.0,300.0,38.0,33.0,133.0,0.0
PARKE,1958,0.0,159.0,307.0,83.0,5.0,27.0,849.0,811.0,37.0,103.0,232.0,0.0
ROAD,1958,0.0,120.0,284.0,72.0,5.0,32.0,474.0,377.0,71.0,26.0,150.0,0.0
ROBIN,1958,0.0,184.0,349.0,88.0,5.0,41.0,710.0,601.0,106.0,95.0,148.0,0.0
RODEN,1958,0.0,105.0,255.0,89.0,5.0,62.0,326.0,257.0,75.0,29.0,142.0,0.0
RUELA,1958,0.0,111.0,261.0,130.0,8.0,106.0,732.0,430.0,90.0,50.0,107.0,0.0
SW,1958,0.0,108.0,290.0,92.0,5.0,78.0,380.0,246.0,17.0,30.0,121.0,0.0
WHITE,1958,0.0,135.0,331.0,75.0,5.0,63.0,516.0,663.0,148.0,28.0,158.0,0.0
130,1959,3.0,84.0,0.0,13.11111111111111,0.0,59.0,358.0,524.0,13.0,152.0,64.0,185.0
131,1959,3.0,80.0,0.0,13.11111111111111,0.0,38.0,295.0,879.0,21.0,166.0,66.0,164.0
140,1959,3.0,70.0,0.0,13.11111111111111,0.0,34.0,286.0,506.3076923076923,20.115384615384617,158.3846153846154,64.8,179.96
164,1959,3.0,49.0,0.0,13.11111111111111,0.0,13.0,264.0,286.0,20.0,121.0,42.0,160.0
205,1959,3.0,63.0,0.0,13.11111111111111,0.0,17.0,294.0,449.0,36.0,136.0,51.0,170.0
229,1959,3.0,100.0,0.0,13.11111111111111,0.0,162.0,540.0,479.0,20.0,192.0,64.8,179.96
45,1959,3.0,74.0,0.0,13.11111111111111,0.0,44.0,290.0,589.0,25.0,157.0,56.0,175.0
BOX,1959,3.0,94.0,0.0,18.0,0.0,34.0,403.0,494.0,12.0,144.0,63.0,188.0
DESGR,1959,3.0,117.0,0.0,13.11111111111111,0.0,97.0,461.0,484.0,23.0,175.0,68.0,206.0
DESRI,1959,3.0,49.0,0.0,13.11111111111111,0.0,33.0,171.0,493.0,19.0,126.0,55.0,164.0
DESST,1959,3.0,46.0,0.0,13.11111111111111,0.0,4.0,504.0,219.0,21.0,113.0,55.0,144.0
ERIOP,1959,3.0,65.0,0.0,13.11111111111111,0.0,15.0,260.0,381.0,22.0,134.0,51.0,170.0
FLORI,1959,3.0,148.0,0.0,20.0,0.0,443.0,674.0,451.0,13.0,240.0,110.0,321.0
FORES,1959,3.0,129.0,0.0,13.11111111111111,0.0,223.0,501.0,418.0,11.0,200.0,100.0,287.0
GRARI,1959,3.0,34.0,0.0,13.11111111111111,0.0,108.0,263.0,361.0,24.0,113.0,50.0,140.0
HUERF,1959,3.0,63.0,0.0,0.0,0.0,32.0,267.0,306.0,10.0,124.0,54.0,148.0
MCGIB,1959,3.0,146.0,0.0,17.0,11.0,220.0,523.0,578.0,27.0,227.0,110.0,295.0
MUHLE,1959,3.0,56.0,0.0,3.0,0.0,16.0,369.0,452.0,30.0,130.0,52.0,148.0
NE,1959,3.0,56.0,0.0,6.0,0.0,14.0,268.0,386.0,14.0,129.0,48.0,167.0
NW,1959,3.0,32.0,0.0,18.0,0.0,20.0,255.0,192.0,13.0,107.0,50.0,149.0
PARKE,1959,3.0,121.0,0.0,13.11111111111111,0.0,123.0,507.0,514.0,15.0,196.0,64.0,127.0
ROAD,1959,3.0,93.0,0.0,13.11111111111111,0.0,48.0,302.0,712.0,18.0,178.0,67.0,195.0
ROBIN,1959,3.0,122.0,0.0,36.0,0.0,54.0,518.0,990.0,21.0,213.0,79.0,234.0
RODEN,1959,3.0,59.0,0.0,13.11111111111111,0.0,33.0,239.0,818.0,23.0,157.0,54.0,175.0
RUELA,1959,3.0,76.0,0.0,0.0,0.0,52.0,474.0,474.0,16.0,174.0,72.0,51.0
SW,1959,3.0,66.0,0.0,13.11111111111111,0.0,34.0,328.0,606.0,25.0,116.0,71.0,134.0
WHITE,1959,3.0,129.0,0.0,13.11111111111111,0.0,164.0,382.0,629.0,31.0,198.0,68.0,202.0
130,1960,269.0,78.0,30.0,0.0,0.0,40.0,241.0,153.0,132.0,134.0,7.0,92.0
131,1960,264.0,74.0,37.0,0.0,0.0,18.0,224.0,179.0,244.0,140.0,2.0,58.0
164,1960,133.0,155.0,32.0,0.0,0.0,50.0,220.0,170.0,179.0,92.0,10.0,61.0
205,1960,262.0,80.0,35.0,0.0,0.0,33.0,337.0,242.0,177.0,103.0,9.0,68.0
45,1960,264.0,71.0,49.0,0.0,0.0,37.0,311.0,208.0,163.0,104.0,4.0,85.0
BOX,1960,265.0,73.0,28.0,0.0,0.0,19.0,234.0,219.0,95.0,149.0,10.0,120.0
DESGR,1960,271.0,86.0,24.0,0.0,0.0,30.0,286.0,160.0,196.0,131.0,3.0,133.0
DESRI,1960,117.0,175.0,28.0,0.0,0.0,0.0,209.0,215.0,123.0,119.0,15.0,51.0
DESST,1960,220.0,61.0,59.0,0.0,0.0,67.0,203.0,80.0,169.0,121.0,6.0,62.0
ERIOP,1960,249.0,78.0,33.0,0.0,0.0,20.0,306.0,198.0,150.0,110.0,10.0,86.0
FLORI,1960,382.0,119.0,35.0,0.0,0.0,30.0,253.0,177.0,249.0,207.0,0.0,198.0
FORES,1960,325.0,92.0,14.0,0.0,0.0,32.0,269.0,130.0,171.0,175.0,6.0,168.0
GRARI,1960,205.0,40.0,17.0,0.0,0.0,17.0,91.0,226.0,109.0,146.0,0.0,72.0
HUERF,1960,234.0,63.0,18.0,0.0,0.0,0.0,339.0,310.0,99.0,126.0,12.0,107.0
MCGIB,1960,363.0,104.0,31.0,0.0,0.0,58.0,196.0,181.0,129.0,173.0,6.0,249.0
MUHLE,1960,229.0,67.0,26.0,0.0,0.0,24.0,266.0,180.0,146.0,126.0,6.0,58.0
NE,1960,234.0,60.0,32.0,0.0,0.0,53.0,117.0,295.0,150.0,141.0,18.0,66.0
NW,1960,194.0,48.0,33.0,0.0,0.0,104.0,224.0,93.0,135.0,128.0,0.0,75.0
PARKE,1960,293.0,130.0,28.0,0.0,0.0,52.0,176.0,194.0,101.0,175.0,9.0,187.0
ROAD,1960,269.0,78.0,22.0,0.0,0.0,24.0,252.0,165.0,209.0,100.0,2.0,73.0
ROBIN,1960,374.0,130.0,30.0,0.0,0.0,63.0,245.0,207.0,176.0,161.0,10.0,211.0
RODEN,1960,258.0,78.0,27.0,0.0,0.0,23.0,247.0,49.0,216.0,125.0,1.0,71.0
RUELA,1960,247.0,98.0,0.0,0.0,0.0,2.0,227.0,252.0,106.0,155.0,0.0,200.0
SW,1960,233.0,60.0,29.0,0.0,0.0,11.0,289.0,139.0,211.0,115.0,0.0,51.0
WHITE,1960,280.0,78.0,8.0,0.0,0.0,25.0,198.0,214.0,143.0,115.0,5.0,95.0
130,1961,84.0,16.0,27.0,0.0,0.0,79.0,206.0,526.0,214.0,279.0,35.0,175.0
131,1961,80.0,7.0,23.0,0.0,0.0,51.0,275.0,455.0,174.0,240.0,31.0,164.0
164,1961,115.0,10.0,20.0,0.0,0.0,24.0,191.0,353.0,112.0,190.0,39.0,225.0
205,1961,96.0,5.0,24.0,0.0,0.0,53.0,118.0,394.0,136.0,240.0,33.0,197.0
45,1961,80.0,15.0,29.0,0.0,0.0,68.0,186.0,498.0,167.0,259.0,37.0,179.0
BOX,1961,91.0,14.0,30.0,0.0,0.0,87.0,186.0,544.0,233.0,292.0,29.0,186.0
DESGR,1961,94.0,9.0,32.0,0.0,0.0,57.0,219.0,568.0,331.0,313.0,40.0,176.0
DESRI,1961,118.0,13.0,17.0,0.0,0.0,32.0,200.0,395.0,50.0,187.0,55.0,206.0
DESST,1961,103.0,11.0,17.0,0.0,0.0,42.0,138.0,262.0,283.0,186.0,38.0,215.0
ERIOP,1961,92.0,15.0,26.0,0.0,0.0,56.0,134.0,430.0,164.0,251.0,35.0,201.0
FLORI,1961,108.0,12.0,58.0,0.0,0.0,90.0,292.0,807.0,389.0,369.0,90.0,304.0
FORES,1961,96.0,10.0,45.0,0.0,0.0,71.0,213.0,714.0,350.0,333.0,56.0,257.0
GRARI,1961,72.0,7.0,13.0,0.0,0.0,25.0,109.0,217.0,219.0,178.0,61.0,182.0
HUERF,1961,101.0,19.0,17.0,0.0,0.0,88.0,249.0,552.0,117.0,233.0,73.0,209.0
MCGIB,1961,107.0,15.0,37.0,0.0,0.0,105.0,219.0,849.0,209.0,265.0,70.0,238.0
MUHLE,1961,81.0,12.0,23.0,0.0,0.0,31.0,226.0,363.0,131.0,198.0,39.0,200.0
NE,1961,119.0,13.0,24.0,0.0,0.0,30.0,335.0,244.0,61.0,180.0,42.0,245.0
NW,1961,90.0,11.0,10.0,0.0,0.0,20.0,141.0,294.0,186.0,160.0,34.0,210.0
PARKE,1961,119.0,9.0,36.0,0.0,0.0,116.0,200.0,767.0,240.0,314.0,50.0,234.0
ROAD,1961,81.0,8.0,27.0,0.0,0.0,42.0,289.0,472.0,182.0,256.0,23.0,164.0
ROBIN,1961,110.0,17.0,28.0,0.0,0.0,127.0,198.0,937.0,145.0,320.0,56.0,263.0
RODEN,1961,77.0,12.0,30.0,0.0,0.0,53.0,257.0,405.0,184.0,231.0,27.0,169.0
RUELA,1961,108.0,18.0,26.0,0.0,0.0,102.0,138.0,792.0,155.0,312.0,52.0,220.0
SW,1961,68.0,7.0,19.0,0.0,0.0,38.0,105.0,335.0,331.0,221.0,44.0,188.0
WHITE,1961,77.0,2.0,33.0,0.0,0.0,40.0,201.0,510.0,212.0,315.0,33.0,191.0
130,1962,170.0,67.0,69.0,2.0,0.0,15.0,240.0,224.0,150.0,0.0,32.0,185.0
131,1962,162.0,69.0,59.0,5.0,0.0,35.0,271.0,59.0,150.0,1.0,30.0,193.0
164,1962,160.0,74.0,87.0,2.0,0.0,8.0,168.0,75.0,99.0,0.0,25.0,141.0
205,1962,157.0,56.0,69.0,5.0,0.0,2.0,221.0,72.0,164.0,0.0,27.0,164.0
45,1962,165.0,63.0,63.0,3.0,0.0,15.0,201.0,169.0,180.0,0.0,26.0,178.0
BOX,1962,175.0,67.0,73.0,4.0,0.0,35.0,220.0,149.0,181.0,8.0,28.0,190.0
DESGR,1962,184.0,77.0,72.0,4.0,0.0,23.0,477.0,132.0,173.0,2.0,74.0,186.0
DESRI,1962,159.0,70.0,88.0,2.0,0.0,6.0,182.0,46.0,173.0,0.0,30.0,139.0
DESST,1962,164.0,62.0,74.0,5.0,0.0,4.0,153.0,88.0,125.0,0.0,25.0,142.0
ERIOP,1962,164.0,56.0,67.0,6.0,0.0,5.0,261.0,52.0,174.0,0.0,24.0,164.0
FLORI,1962,327.0,105.0,103.0,0.0,0.0,41.0,313.0,119.0,216.0,9.0,57.0,265.0
FORES,1962,259.0,84.0,79.0,1.0,0.0,43.0,351.0,88.0,174.0,13.0,35.0,257.0
GRARI,1962,178.0,34.0,64.0,3.0,0.0,10.0,200.0,71.0,174.0,0.0,28.0,153.0
HUERF,1962,172.0,64.0,70.0,0.0,0.0,16.0,209.0,61.0,206.0,9.0,31.0,143.0
MCGIB,1962,308.0,78.0,50.0,4.0,0.0,64.0,307.0,84.0,242.0,23.0,37.0,252.0
MUHLE,1962,154.0,76.0,70.0,1.0,0.0,6.0,179.0,55.0,187.0,0.0,30.0,170.0
NE,1962,182.0,79.0,91.0,1.0,0.0,1.0,205.0,46.0,186.0,0.0,20.0,146.0
NW,1962,161.0,71.0,49.0,5.0,0.0,12.0,183.0,46.0,108.0,0.0,20.0,142.0
PARKE,1962,246.0,70.0,65.0,5.0,0.0,37.0,299.0,74.0,171.0,15.0,35.0,234.0
ROAD,1962,158.0,74.0,61.0,7.0,0.0,18.0,253.0,115.0,128.0,1.0,64.0,172.0
ROBIN,1962,235.0,74.0,71.0,0.0,0.0,31.0,213.0,64.0,142.0,31.0,90.0,182.0
RODEN,1962,164.0,64.0,54.0,6.0,0.0,15.0,176.0,113.0,151.0,1.0,30.0,172.0
RUELA,1962,190.0,70.0,51.0,0.0,0.0,0.0,202.0,40.0,164.0,35.0,35.0,170.0
SW,1962,157.0,60.0,70.0,5.0,0.0,34.0,321.0,49.0,195.0,0.0,28.0,166.0
WHITE,1962,194.0,61.0,84.0,5.0,0.0,15.0,353.0,140.0,157.0,2.0,34.0,224.0
130,1963,58.0,77.0,48.0,55.0,0.0,0.0,306.0,359.0,145.0,60.0,300.0,74.0
131,1963,43.0,77.0,53.0,54.0,1.0,0.0,193.0,256.0,174.0,126.0,312.0,52.0
164,1963,97.0,61.0,69.0,45.0,2.0,0.0,420.0,323.0,97.0,48.0,256.0,49.0
205,1963,67.0,75.0,64.0,50.0,1.0,0.0,311.0,372.0,148.0,57.0,300.0,63.0
45,1963,53.0,78.0,54.0,56.0,3.0,0.0,317.0,360.0,142.0,65.0,299.0,66.0
BOX,1963,64.0,72.0,55.0,54.0,3.0,0.0,273.0,604.0,110.0,62.0,309.0,92.0
DESGR,1963,78.0,90.0,55.0,59.0,1.0,0.0,255.0,330.0,198.0,71.0,316.0,71.0
DESRI,1963,94.0,65.0,73.0,47.0,2.0,0.0,476.0,426.0,95.0,52.0,253.0,56.0
DESST,1963,63.0,49.0,56.0,51.0,3.0,0.0,412.0,259.0,144.0,59.0,269.0,45.0
ERIOP,1963,70.0,75.0,62.0,49.0,2.0,0.0,379.0,400.0,158.0,55.0,300.0,78.0
FLORI,1963,100.0,123.0,85.0,82.0,1.0,0.0,403.0,464.0,188.0,68.0,389.0,125.0
FORES,1963,83.0,90.0,70.0,75.0,4.0,0.0,354.0,362.0,190.0,64.0,361.0,100.0
GRARI,1963,45.0,44.0,45.0,50.0,0.0,0.0,385.0,415.0,295.0,61.0,266.0,20.0
HUERF,1963,86.0,68.0,68.0,41.0,2.0,0.0,347.0,257.0,165.0,62.0,278.0,79.0
MCGIB,1963,101.0,99.0,65.0,68.0,2.0,0.0,311.0,223.0,175.0,77.0,318.0,102.0
MUHLE,1963,70.0,55.0,79.0,51.0,5.0,0.0,284.0,386.0,269.0,60.0,291.0,52.0
NE,1963,124.0,76.0,82.0,42.0,6.0,0.0,394.0,300.0,75.0,64.0,290.0,62.0
NW,1963,88.0,55.0,52.0,46.0,2.0,0.0,346.0,203.0,151.0,60.0,255.0,36.0
PARKE,1963,95.0,91.0,62.0,57.0,6.0,0.0,371.0,355.0,221.0,59.0,334.0,99.0
ROAD,1963,51.0,81.0,51.0,54.0,1.0,0.0,229.0,262.0,193.0,96.0,311.0,58.0
ROBIN,1963,95.0,92.0,69.0,55.0,5.0,0.0,301.0,465.0,152.0,81.0,348.0,90.0
RODEN,1963,51.0,78.0,54.0,50.0,4.0,0.0,221.0,245.0,182.0,100.0,308.0,56.0
RUELA,1963,99.0,90.0,48.0,43.0,3.0,0.0,338.0,298.0,113.0,70.0,305.0,75.0
SW,1963,33.0,71.0,70.0,45.0,2.0,0.0,211.0,271.0,165.0,53.0,296.0,46.0
WHITE,1963,76.0,94.0,56.0,54.0,3.0,0.0,325.0,385.0,133.0,55.0,320.0,69.0
130,1964,2.0,16.0,98.0,60.0,0.0,44.0,491.0,251.0,518.0,69.0,87.0,72.0
131,1964,1.0,14.0,96.0,54.0,0.0,35.0,289.0,255.0,701.0,84.0,45.0,115.0
164,1964,1.0,12.0,92.0,46.0,0.0,26.0,378.0,360.0,358.0,84.0,79.0,53.0
205,1964,1.0,9.0,91.0,56.0,4.0,40.0,392.0,349.0,421.0,70.0,85.0,59.0
45,1964,1.0,10.0,102.0,50.0,4.0,70.0,329.0,336.0,493.0,66.0,90.0,66.0
BOX,1964,2.0,15.0,105.0,55.0,4.0,33.0,395.0,398.0,459.0,79.0,95.0,40.0
DESGR,1964,5.0,24.0,113.0,42.0,8.0,39.0,381.0,384.0,589.0,84.0,96.0,71.0
DESRI,1964,4.0,11.0,88.0,53.0,0.0,54.0,393.0,318.0,489.0,96.0,75.0,45.0
DESST,1964,0.0,5.0,86.0,51.0,8.0,17.0,438.0,475.0,505.0,82.0,80.0,57.0
ERIOP,1964,2.0,11.0,99.0,55.0,0.0,32.0,375.0,299.0,413.0,68.0,87.0,61.0
FLORI,1964,7.0,24.0,118.0,54.0,0.0,19.0,767.0,457.0,589.0,137.0,123.0,109.0
FORES,1964,5.0,25.0,123.0,46.0,6.0,34.0,457.0,528.0,632.0,116.0,119.0,91.0
GRARI,1964,0.0,8.0,64.0,48.0,0.0,8.0,292.0,382.0,523.0,100.0,83.0,53.0
HUERF,1964,1.0,13.0,92.0,55.0,1.0,29.0,436.0,290.0,557.0,98.0,85.0,42.0
LIMST,1964,3.32,15.8,94.44,53.0,2.04,30.0,272.0,275.0,568.0,86.0,78.0,45.0
MCGIB,1964,13.0,31.0,42.0,51.0,0.0,33.0,598.0,442.0,547.0,96.0,101.0,93.0
MUHLE,1964,1.0,6.0,89.0,54.0,3.0,59.0,266.0,336.0,585.0,74.0,78.0,49.0
NE,1964,7.0,25.0,101.0,71.0,1.0,29.0,325.0,289.0,409.0,105.0,86.0,48.0
NW,1964,0.0,9.0,85.0,51.0,3.0,11.0,383.0,391.0,403.0,96.0,78.0,46.0
PARKE,1964,7.0,30.0,94.0,49.0,5.0,39.0,416.0,488.0,608.0,107.0,110.0,175.0
ROAD,1964,1.0,16.0,100.0,52.0,0.0,34.0,271.0,261.0,706.0,74.0,85.0,60.0
ROBIN,1964,15.0,25.0,102.0,68.0,0.0,27.0,545.0,390.0,558.0,90.0,127.0,79.0
RODEN,1964,0.0,10.0,103.0,56.0,0.0,29.0,263.0,296.0,555.0,72.0,86.0,53.0
RUELA,1964,5.0,16.0,90.0,56.0,0.0,0.0,417.0,261.0,590.0,120.0,90.0,92.0
SW,1964,1.0,10.0,83.0,47.0,0.0,41.0,240.0,240.0,610.0,100.0,85.0,75.0
WHITE,1964,1.0,20.0,105.0,45.0,4.0,47.0,364.0,373.0,660.0,97.0,99.0,75.0
130,1965,80.0,104.0,16.0,66.0,20.0,19.0,334.0,241.0,69.0,0.0,80.0,505.0
131,1965,89.0,93.0,25.0,84.0,12.0,41.0,214.0,154.0,59.0,0.0,85.0,563.0
164,1965,68.0,102.0,20.0,69.0,16.0,69.0,184.0,132.0,236.0,6.0,78.0,584.0
205,1965,88.0,85.0,14.0,57.0,24.0,21.0,296.0,214.0,98.0,0.0,85.0,500.0
45,1965,95.0,91.0,21.0,56.0,32.0,24.0,302.0,219.0,51.0,0.0,81.0,499.0
BOX,1965,97.0,103.0,21.0,51.0,31.0,24.0,296.0,333.0,121.0,1.0,82.0,545.0
DESGR,1965,77.0,123.0,12.0,78.0,14.0,16.0,309.0,223.0,93.0,0.0,101.0,535.0
DESRI,1965,62.0,81.0,19.0,52.0,34.0,13.0,470.0,147.0,205.0,0.0,96.0,539.0
DESST,1965,55.0,92.0,20.0,58.0,23.0,86.0,306.0,220.0,336.0,5.0,73.0,587.0
ERIOP,1965,90.0,88.0,16.0,61.0,24.0,8.0,334.0,242.0,172.0,0.0,91.0,521.0
FLORI,1965,119.0,198.0,62.0,89.0,0.0,70.0,512.0,248.0,178.0,0.0,115.0,913.0
FORES,1965,100.0,163.0,23.0,84.0,25.0,50.0,391.0,282.0,137.0,2.0,108.0,725.0
GRARI,1965,54.0,90.0,15.0,72.0,13.0,20.0,158.0,188.0,205.0,0.0,115.0,592.0
HUERF,1965,88.0,74.0,18.0,51.0,20.0,15.0,315.0,234.0,200.0,0.0,80.0,509.0
LIMST,1965,75.0,70.0,23.0,47.0,23.0,10.0,162.0,180.0,128.0,0.0,70.0,504.0
MCGIB,1965,86.0,143.0,16.0,57.0,8.0,98.0,300.0,356.0,251.0,0.0,103.0,712.0
MUHLE,1965,74.0,80.0,17.0,57.0,23.0,47.0,274.0,116.0,140.0,2.0,80.0,531.0
NE,1965,75.0,110.0,21.0,54.0,26.0,20.0,324.0,144.0,176.0,4.0,90.0,615.0
NW,1965,62.0,94.0,18.0,60.0,24.0,41.0,259.0,188.0,370.0,10.0,57.0,599.0
PARKE,1965,91.0,114.0,25.0,59.0,26.0,70.0,380.0,275.0,250.0,1.0,101.0,618.0
ROAD,1965,86.0,100.0,19.0,74.0,17.0,42.0,244.0,176.0,53.0,0.0,90.0,526.0
ROBIN,1965,93.0,106.0,21.0,58.0,15.0,91.0,234.0,355.0,354.0,0.0,110.0,630.0
RODEN,1965,91.0,93.0,23.0,69.0,19.0,35.0,256.0,184.0,60.0,0.0,90.0,524.0
RUELA,1965,87.0,75.0,0.0,40.0,0.0,51.0,242.0,385.0,150.0,0.0,76.0,503.0
SW,1965,74.0,81.0,24.0,83.0,10.0,74.0,179.0,189.0,89.0,0.0,71.0,535.0
WHITE,1965,83.0,149.0,11.0,94.0,12.0,24.0,285.0,182.0,113.0,0.0,90.0,623.0
130,1966,252.0,183.0,19.0,104.0,18.0,26.0,344.0,256.0,425.0,21.0,60.0,29.0
131,1966,242.0,195.0,15.0,6.0,8.0,10.0,316.0,299.0,456.0,12.0,57.0,21.0
164,1966,221.0,178.0,7.0,61.0,18.0,20.0,340.0,355.0,351.0,20.0,27.0,1.0
205,1966,229.0,179.0,9.0,40.0,4.0,24.0,300.0,130.0,450.0,35.0,56.0,21.0
45,1966,249.0,181.0,7.0,53.0,2.0,28.0,316.0,251.0,560.0,17.0,68.0,22.0
AMADO,1966,216.0,190.0,20.0,0.0,6.0,11.0,245.0,223.0,310.0,28.0,30.0,4.0
BOX,1966,239.0,204.0,11.0,46.0,6.0,41.0,275.0,223.0,395.0,31.0,65.0,26.0
DESGR,1966,292.0,223.0,9.0,23.0,24.0,14.0,396.0,390.0,396.0,19.0,66.0,24.0
DESRI,1966,244.0,164.0,19.0,40.0,14.0,11.0,205.0,316.0,388.0,40.0,46.0,5.0
DESST,1966,193.0,195.0,4.0,20.0,19.0,9.0,290.0,337.0,438.0,20.0,26.0,2.0
ERIOP,1966,226.0,184.0,14.0,36.0,0.0,22.0,181.0,268.0,339.0,31.0,64.0,22.0
FLORI,1966,285.0,286.0,10.0,0.0,1.0,30.0,463.0,607.0,479.0,39.0,118.0,47.0
FORES,1966,313.0,244.0,10.0,4.0,3.0,17.0,467.0,490.0,386.0,31.0,75.0,33.0
GRARI,1966,221.0,202.0,19.0,5.0,11.0,14.0,312.0,253.0,345.0,35.0,30.0,0.0
HUERF,1966,229.0,176.0,19.0,11.0,0.0,25.0,180.0,284.0,410.0,45.0,61.0,15.0
LIMST,1966,189.0,154.0,20.0,11.0,3.0,26.0,133.0,393.0,400.0,44.0,60.0,11.0
MCGIB,1966,353.0,294.0,5.0,18.0,18.0,13.0,380.0,487.0,350.0,53.0,98.0,38.0
MUHLE,1966,209.0,173.0,5.0,25.0,26.0,19.0,250.0,298.0,410.0,25.0,56.0,9.0
NE,1966,219.0,180.0,25.0,20.0,7.0,55.0,146.0,348.0,338.0,26.0,37.0,2.0
NW,1966,186.0,195.0,6.0,39.0,13.0,21.0,315.0,287.0,335.0,17.0,25.0,1.0
PARKE,1966,308.0,217.0,11.0,11.0,2.0,8.0,360.0,477.0,365.0,41.0,85.0,39.0
ROAD,1966,229.0,200.0,20.0,65.0,8.0,22.0,333.0,309.0,493.0,15.0,70.0,24.0
ROBIN,1966,375.0,260.0,5.0,15.0,0.0,32.0,273.0,421.0,391.0,65.0,81.0,55.0
RODEN,1966,214.0,183.0,11.0,10.0,6.0,14.0,291.0,278.0,436.0,18.0,66.0,21.0
RUELA,1966,260.0,188.0,0.0,0.0,0.0,33.0,297.0,305.0,418.0,55.0,68.0,35.0
SW,1966,211.0,187.0,3.0,5.0,15.0,7.0,275.0,247.0,438.0,11.0,46.0,9.0
WHITE,1966,277.0,235.0,16.0,5.0,21.0,23.0,526.0,349.0,449.0,20.0,69.0,22.0
130,1967,6.0,17.0,51.0,57.0,26.0,90.0,383.0,206.0,251.0,119.0,145.0,497.0
131,1967,4.0,28.0,30.0,53.0,49.0,124.0,411.0,160.0,189.0,155.0,130.0,496.0
164,1967,7.0,10.0,40.0,66.0,31.0,68.0,464.0,176.0,227.0,108.0,66.0,383.0
205,1967,8.0,19.0,42.0,64.0,35.0,58.0,282.0,284.0,180.0,156.0,135.0,422.0
45,1967,7.0,22.0,43.0,62.0,29.0,84.0,289.0,265.0,251.0,147.0,129.0,461.0
AMADO,1967,3.0,20.0,4.0,34.0,20.0,90.0,695.0,126.0,88.0,155.0,62.0,397.0
BOX,1967,5.0,22.0,57.0,55.0,27.0,58.0,320.0,295.0,231.0,121.0,168.0,489.0
DESGR,1967,9.0,16.0,63.0,61.0,26.0,112.0,307.0,260.0,174.0,114.0,141.0,600.0
DESRI,1967,5.0,14.0,37.0,64.0,48.0,61.0,385.0,242.0,224.0,133.0,100.0,363.0
DESST,1967,2.0,12.0,31.0,57.0,29.0,168.0,433.0,199.0,145.0,142.0,62.0,377.0
ERIOP,1967,3.0,26.0,42.0,66.0,36.0,42.0,303.0,296.0,234.0,138.0,137.0,439.0
FLORI,1967,10.0,33.0,88.0,89.0,55.0,168.0,548.0,419.0,249.0,110.0,133.0,849.0
FORES,1967,10.0,26.0,72.0,75.0,44.0,129.0,411.0,304.0,187.0,138.0,124.0,719.0
GRARI,1967,5.0,8.0,19.0,38.0,23.0,103.0,529.0,209.0,57.0,125.0,63.0,364.0
HUERF,1967,4.0,14.0,49.0,67.0,21.0,46.0,355.0,215.0,183.0,76.0,130.0,403.0
LIMST,1967,5.0,12.0,42.0,60.0,29.0,56.0,403.0,267.0,227.0,93.0,144.0,405.0
MCGIB,1967,8.0,0.0,78.0,0.0,35.0,114.0,470.0,294.0,252.0,123.0,114.0,741.0
MUHLE,1967,1.0,16.0,37.0,62.0,43.0,108.0,440.0,243.0,130.0,160.0,100.0,398.0
NE,1967,6.0,12.0,45.0,67.0,59.0,46.0,445.0,435.0,206.0,127.0,74.0,463.0
NW,1967,4.0,11.0,41.0,60.0,25.0,103.0,402.0,218.0,120.0,101.0,52.0,360.0
PARKE,1967,6.0,24.0,69.0,64.0,34.0,82.0,392.0,259.0,232.0,96.0,114.0,650.0
ROAD,1967,3.0,20.0,55.0,58.0,50.0,110.0,340.0,185.0,231.0,172.0,140.0,507.0
ROBIN,1967,0.0,32.0,77.0,80.0,45.0,172.0,474.0,258.0,271.0,62.0,163.0,710.0
RODEN,1967,4.0,18.0,41.0,56.0,55.0,176.0,369.0,276.0,240.0,160.0,110.0,441.0
RUELA,1967,0.0,10.0,44.0,53.0,0.0,61.0,410.0,240.0,274.0,85.0,198.0,550.0
SW,1967,4.0,11.0,37.0,55.0,38.0,109.0,421.0,179.0,161.0,198.0,79.0,426.0
WHITE,1967,5.0,22.0,74.0,60.0,78.0,119.0,331.0,220.0,150.0,131.0,143.0,677.0
130,1968,55.0,120.0,157.0,24.0,4.0,0.0,435.0,234.0,6.0,15.0,114.0,96.0
131,1968,59.0,121.0,127.0,22.0,3.0,0.0,413.0,283.0,10.0,17.0,88.0,87.0
164,1968,68.0,120.0,139.0,40.0,5.0,0.0,274.0,444.0,8.0,22.0,86.0,61.0
205,1968,57.0,135.0,147.0,30.0,4.0,0.0,389.0,265.0,14.0,21.0,123.0,89.0
45,1968,58.0,134.0,142.0,25.0,5.0,0.0,425.0,288.0,20.0,15.0,119.0,97.0
AMADO,1968,56.0,114.0,177.0,30.0,2.0,0.0,322.0,436.0,24.0,15.0,90.0,52.0
BOX,1968,60.0,115.0,145.0,23.0,2.0,0.0,470.0,249.0,11.0,11.0,139.0,96.0
DESGR,1968,51.0,144.0,132.0,19.0,1.0,0.0,433.0,231.0,3.0,9.0,89.0,97.0
DESRI,1968,73.0,118.0,189.0,45.0,5.0,0.0,261.0,250.0,13.0,17.0,105.0,74.0
DESST,1968,66.0,121.0,204.0,40.0,4.0,0.0,341.0,520.0,10.0,24.0,80.0,67.0
ERIOP,1968,56.0,130.0,152.0,46.0,1.0,0.0,396.0,300.0,25.0,16.0,127.0,97.0
FLORI,1968,56.0,181.0,185.0,39.0,0.0,0.0,533.0,322.0,0.0,15.0,133.0,172.0
FORES,1968,52.0,154.0,152.0,28.0,3.0,0.0,559.0,260.0,17.0,5.0,116.0,138.0
GRARI,1968,60.0,107.0,156.0,77.0,3.0,0.0,423.0,460.0,40.0,10.0,123.0,38.0
HUERF,1968,65.0,105.0,135.0,57.0,1.0,0.0,327.0,346.0,39.0,16.0,120.0,86.0
LIMST,1968,64.0,119.0,145.0,43.0,7.0,0.0,231.0,280.0,19.0,16.0,105.0,87.0
MCGIB,1968,61.0,144.0,204.0,26.0,0.0,0.0,766.0,330.0,2.0,8.0,125.0,143.0
MUHLE,1968,63.0,115.0,164.0,37.0,4.0,0.0,310.0,271.0,34.0,15.0,100.0,81.0
NE,1968,72.0,148.0,147.0,70.0,3.0,0.0,262.0,404.0,5.0,12.0,126.0,87.0
NW,1968,73.0,104.0,134.0,31.0,1.0,0.0,328.0,483.0,13.0,15.0,100.0,58.0
PARKE,1968,60.0,146.0,198.0,24.0,4.0,0.0,569.0,281.0,9.0,8.0,118.0,123.0
ROAD,1968,56.0,121.0,143.0,21.0,3.0,0.0,423.0,272.0,7.0,15.0,80.0,85.0
ROBIN,1968,85.0,176.0,245.0,42.0,0.0,0.0,687.0,369.0,4.0,15.0,120.0,145.0
RODEN,1968,1.0,130.0,136.0,15.0,0.0,0.0,359.0,315.0,20.0,20.0,95.0,100.0
RUELA,1968,72.0,118.0,141.0,53.0,0.0,0.0,415.0,415.0,58.0,0.0,135.0,97.0
SW,1968,60.0,116.0,149.0,33.0,2.0,0.0,370.0,405.0,25.0,20.0,91.0,94.0
WHITE,1968,54.0,109.0,115.0,21.0,4.0,0.0,555.0,251.0,1.0,15.0,121.0,106.0
130,1969,44.0,92.0,43.0,0.0,23.0,3.0,461.0,527.0,76.0,1.0,69.0,46.0
131,1969,27.0,87.0,49.0,4.0,17.0,0.0,429.0,504.0,76.0,9.0,69.0,20.0
164,1969,28.0,67.0,44.0,0.0,25.0,0.0,314.0,380.0,83.0,0.0,51.0,43.0
205,1969,42.0,85.0,30.0,0.0,22.0,3.0,655.0,415.0,90.0,0.0,68.0,37.0
45,1969,43.0,82.0,44.0,2.0,14.0,1.0,587.0,445.0,70.0,1.0,65.0,34.0
AMADO,1969,19.0,60.0,41.0,12.0,12.0,0.0,369.0,452.0,58.0,5.0,72.0,98.0
BOX,1969,48.0,101.0,44.0,2.0,25.0,2.0,503.0,377.0,86.0,3.0,82.0,71.0
DESGR,1969,32.0,100.0,34.0,7.0,12.0,3.0,369.0,445.0,71.0,0.0,79.0,35.0
DESRI,1969,35.0,77.0,46.0,0.0,20.0,0.0,507.0,316.0,61.0,1.0,50.0,41.0
DESST,1969,23.0,55.0,43.0,0.0,21.0,0.0,398.0,432.0,121.0,3.0,50.0,44.0
ERIOP,1969,46.0,80.0,30.0,0.0,24.0,1.0,695.0,385.0,83.0,4.0,68.0,51.0
FLORI,1969,35.0,180.0,86.0,0.0,34.0,5.0,468.0,431.0,183.0,3.0,130.0,78.0
FORES,1969,43.0,178.0,60.0,7.0,20.0,5.0,388.0,371.0,88.0,1.0,107.0,75.0
GRARI,1969,40.0,59.0,40.0,3.0,19.0,0.0,353.0,381.0,126.0,4.0,74.0,86.0
HUERF,1969,39.0,76.0,41.0,0.0,28.0,1.0,674.0,355.0,119.0,11.0,59.0,58.0
LIMST,1969,35.0,77.0,41.0,0.0,29.0,0.0,536.0,465.0,70.0,0.0,55.0,44.0
MCGIB,1969,39.0,149.0,50.0,4.0,31.0,8.0,395.0,304.0,154.0,13.0,129.0,121.0
MUHLE,1969,32.0,64.0,31.0,2.0,27.0,1.0,492.0,345.0,48.0,4.0,59.0,34.0
NE,1969,38.0,74.0,39.0,0.0,30.0,2.0,455.0,511.0,145.0,9.0,57.0,52.0
NW,1969,20.0,55.0,33.0,0.0,32.0,0.0,317.0,352.0,126.0,4.0,54.0,57.0
PARKE,1969,43.0,146.0,39.0,4.0,20.0,5.0,375.0,326.0,120.0,13.0,105.0,76.0
ROAD,1969,25.0,105.0,136.0,11.0,15.0,1.0,452.0,361.0,75.0,4.0,72.0,27.0
ROBIN,1969,50.0,187.0,43.0,0.0,30.0,13.0,602.0,388.0,133.0,6.0,142.0,149.0
RODEN,1969,26.0,98.0,52.0,0.0,18.0,2.0,439.0,400.0,56.0,3.0,72.0,30.0
RUELA,1969,34.0,70.0,30.0,0.0,9.0,0.0,579.0,285.0,77.0,4.3076923076923075,84.0,79.0
SW,1969,12.0,76.0,42.0,4.0,17.0,0.0,475.0,346.0,94.0,10.0,66.0,36.0
WHITE,1969,26.0,113.0,50.0,6.0,14.0,3.0,411.0,272.0,129.0,0.0,96.0,41.0
130,1970,0.0,50.0,174.0,15.0,5.0,64.0,452.0,402.0,220.0,29.0,0.0,53.0
131,1970,0.0,44.0,182.0,10.0,1.0,41.0,149.0,455.0,227.0,37.0,0.0,48.0
164,1970,0.0,53.0,159.0,1.0,5.0,97.0,216.0,271.0,317.0,99.0,0.0,69.0
205,1970,0.0,46.0,164.0,14.0,3.0,178.0,486.0,444.0,226.0,51.0,0.0,60.0
45,1970,0.0,48.0,164.0,16.0,2.0,88.0,553.0,395.0,243.0,27.0,0.0,54.0
AMADO,1970,0.0,30.0,115.0,4.0,2.0,34.0,171.0,234.0,273.0,19.0,0.0,33.0
BOX,1970,0.0,49.0,173.0,19.0,2.0,79.0,429.0,435.0,229.0,44.0,0.0,55.0
DESGR,1970,0.0,48.0,167.0,8.0,8.0,39.0,214.0,353.0,225.0,29.0,0.0,38.0
DESRI,1970,0.0,37.0,135.0,6.0,3.0,149.0,213.0,329.0,254.0,36.0,0.0,63.0
DESST,1970,0.0,36.0,142.0,11.0,8.0,89.0,241.0,141.0,330.0,26.0,0.0,67.0
ERIOP,1970,0.0,44.0,170.0,12.0,3.0,157.0,426.0,400.0,245.0,46.0,0.0,61.0
FLORI,1970,0.0,45.0,234.0,28.0,0.0,65.0,382.0,467.0,376.0,47.0,0.0,12.0
FORES,1970,0.0,48.0,199.0,21.0,4.0,54.0,280.0,316.0,268.0,44.0,0.0,61.0
GRARI,1970,0.0,35.0,126.0,10.0,9.0,40.0,238.0,269.0,314.0,18.0,0.0,56.0
HUERF,1970,0.0,34.0,159.0,9.0,3.0,47.0,253.0,408.0,250.0,100.0,0.0,65.0
LIMST,1970,0.0,31.0,160.0,7.0,4.0,49.0,170.0,430.0,271.0,78.0,0.0,58.0
MCGIB,1970,0.0,39.0,230.0,23.0,0.0,66.0,384.0,415.0,270.0,151.0,0.0,67.0
MUHLE,1970,0.0,42.0,148.0,8.0,4.0,122.0,481.0,284.0,250.0,32.0,0.0,46.0
NE,1970,0.0,41.0,140.0,10.0,11.0,49.0,197.0,228.0,299.0,37.0,0.0,70.0
NW,1970,0.0,41.0,144.0,5.0,13.0,93.0,132.0,210.0,355.0,19.0,0.0,78.0
PARKE,1970,0.0,49.0,200.0,21.0,3.0,53.0,301.0,331.0,265.0,104.0,0.0,55.0
ROAD,1970,0.0,40.0,171.0,10.0,4.0,41.0,186.0,503.0,246.0,44.0,0.0,47.0
ROBIN,1970,0.0,49.0,223.0,29.0,7.0,55.0,365.0,473.0,324.0,183.0,0.0,64.0
RODEN,1970,0.0,40.0,153.0,9.0,2.0,69.0,321.0,474.0,256.0,35.0,0.0,52.0
RUELA,1970,0.0,34.0,141.0,12.0,3.0,71.0,425.0,367.0,196.0,85.0,0.0,42.0
SW,1970,0.0,29.0,149.0,6.0,4.0,56.0,205.0,359.0,296.0,24.0,0.0,52.0
WHITE,1970,0.0,48.0,186.0,11.0,10.0,36.0,171.0,464.0,257.0,65.0,0.0,45.0
130,1971,0.0,109.0,4.0,77.0,3.0,9.0,242.0,443.0,281.0,241.0,109.0,320.0
131,1971,0.0,108.0,0.0,54.0,6.0,6.0,299.0,525.0,180.0,156.0,110.0,319.0
164,1971,0.0,95.0,1.0,42.0,0.0,1.0,224.0,432.0,180.0,100.0,90.0,264.0
205,1971,0.0,107.0,3.0,60.0,6.0,14.0,211.0,656.0,173.0,172.0,105.0,301.0
45,1971,0.0,110.0,1.0,79.0,1.0,5.0,230.0,434.0,241.0,195.0,110.0,319.0
AMADO,1971,0.0,61.0,3.0,26.0,5.0,3.0,227.0,401.0,146.0,118.0,92.0,254.0
BOX,1971,0.0,122.0,1.0,61.0,3.0,15.0,295.0,347.0,264.0,255.0,110.0,329.0
DESGR,1971,0.0,116.0,4.0,60.0,6.0,11.0,242.0,445.0,238.0,196.0,130.0,368.0
DESRI,1971,0.0,126.0,0.0,43.0,0.0,4.0,223.0,416.0,174.0,125.0,80.0,256.0
DESST,1971,0.0,64.0,1.0,49.0,1.0,0.0,198.0,460.0,114.0,118.0,96.0,275.0
ERIOP,1971,0.0,118.0,2.0,60.0,5.0,5.0,241.0,619.0,149.0,176.0,108.0,307.0
FLORI,1971,0.0,174.0,0.0,91.0,4.0,4.0,256.0,585.0,428.0,266.0,168.0,469.0
FORES,1971,0.0,150.0,5.0,78.0,14.0,7.0,320.0,406.0,325.0,220.0,137.0,399.0
GRARI,1971,0.0,76.0,2.0,34.0,4.0,1.0,330.0,465.0,119.0,105.0,100.0,255.0
HUERF,1971,0.0,150.0,5.0,43.0,2.0,5.0,206.0,574.0,150.0,150.0,105.0,288.0
IBP,1971,0.0,113.44444444444444,2.6296296296296298,53.7037037037037,4.2592592592592595,5.444444444444445,265.0,381.0,241.0,233.0,99.0,286.0
LIMST,1971,0.0,123.0,2.0,35.0,2.0,5.0,250.0,565.0,156.0,134.0,95.0,264.0
MCGIB,1971,0.0,165.0,5.0,54.0,2.0,0.0,321.0,531.0,264.0,299.0,95.0,384.0
MUHLE,1971,0.0,118.0,1.0,47.0,5.0,0.0,274.0,535.0,135.0,154.0,98.0,277.0
NE,1971,0.0,123.0,0.0,31.0,2.0,6.0,305.0,667.0,167.0,130.0,116.0,282.0
NW,1971,0.0,65.0,2.0,43.0,3.0,2.0,214.0,513.0,114.0,108.0,101.0,259.0
PA11A,1971,0.0,113.44444444444444,2.6296296296296298,53.7037037037037,4.2592592592592595,5.444444444444445,189.0,442.0,223.0,174.0,116.0,300.0
PARKE,1971,0.0,115.0,4.0,45.0,10.0,6.0,398.0,428.0,373.0,258.0,127.0,338.0
PAST3,1971,0.0,113.44444444444444,2.6296296296296298,53.7037037037037,4.2592592592592595,5.444444444444445,154.0,136.0,70.0,121.0,84.0,243.0
ROAD,1971,0.0,117.0,3.0,63.0,4.0,7.0,254.0,526.0,222.0,175.0,101.0,330.0
ROBIN,1971,0.0,151.0,10.0,62.0,12.0,2.0,339.0,677.0,312.0,299.0,138.0,383.0
RODEN,1971,0.0,97.0,2.0,68.0,0.0,5.0,215.0,414.0,162.0,144.0,104.0,311.0
RUELA,1971,0.0,100.0,2.0,40.0,5.0,5.0,237.0,648.0,105.0,192.0,99.0,241.0
SCS#1,1971,0.0,113.44444444444444,2.6296296296296298,53.7037037037037,4.2592592592592595,5.444444444444445,119.0,479.0,131.0,104.0,90.0,240.0
SW,1971,0.0,84.0,3.0,51.0,5.0,5.0,264.0,381.0,145.0,165.0,95.0,297.0
WHITE,1971,0.0,119.0,5.0,54.0,5.0,14.0,215.0,628.0,323.0,193.0,124.0,377.0
130,1972,0.0,0.0,7.0,0.0,21.0,131.0,286.0,147.0,79.0,382.0,139.0,73.0
164,1972,0.0,0.0,0.0,0.0,8.0,118.0,301.0,154.0,61.0,429.0,155.0,64.0
205,1972,0.0,0.0,6.0,0.0,12.0,168.0,276.0,170.0,159.0,381.0,170.0,64.0
41,1972,0.0,0.0,4.1,0.0,6.0,128.0,269.0,226.0,130.0,424.0,123.0,65.0
45,1972,0.0,0.0,5.0,0.0,19.0,153.0,287.0,166.0,109.0,387.0,154.0,77.0
AMADO,1972,0.0,0.0,2.0,0.0,0.0,34.0,284.0,231.0,229.0,370.0,113.0,42.0
BOX,1972,0.0,0.0,6.0,0.0,22.0,152.0,243.0,229.0,79.0,395.0,136.0,73.0
DESGR,1972,0.0,0.0,4.0,0.0,17.0,123.0,335.0,109.0,60.0,381.0,119.0,60.0
DESRI,1972,0.0,0.0,0.0,0.0,4.0,189.0,281.0,115.0,114.0,362.0,148.0,57.0
DESST,1972,0.0,0.0,3.0,0.0,16.0,177.0,418.0,273.0,165.0,520.0,160.0,78.0
ERIOP,1972,0.0,0.0,7.0,0.0,17.0,144.0,245.0,144.0,173.0,400.0,164.0,66.0
FAGAN,1972,0.0,0.0,4.1,0.0,8.0,107.0,267.0,218.0,41.0,361.0,144.0,61.0
FLORI,1972,0.0,0.0,3.0,0.0,15.0,170.0,484.0,230.0,118.0,564.0,156.0,87.0
FORES,1972,0.0,0.0,4.0,0.0,12.0,168.0,384.0,200.0,59.0,500.0,136.0,84.0
GRARI,1972,0.0,0.0,5.0,0.0,2.0,105.0,344.0,256.0,174.0,503.0,133.0,57.0
HUERF,1972,0.0,0.0,5.0,0.0,15.0,197.0,315.0,140.0,165.0,375.0,150.0,66.0
IBP,1972,0.0,0.0,4.0,0.0,23.0,102.0,253.0,128.0,27.0,368.0,119.0,60.0
LIMST,1972,0.0,0.0,6.0,0.0,7.0,123.0,321.0,135.0,110.0,352.0,138.0,65.0
MCGIB,1972,0.0,0.0,3.0,0.0,21.0,194.0,363.0,149.0,82.0,516.0,130.0,87.0
MUHLE,1972,0.0,0.0,4.0,0.0,13.0,154.0,283.0,165.0,104.0,416.0,165.0,71.0
NE,1972,0.0,0.0,2.0,0.0,8.0,232.0,301.0,120.0,55.0,415.0,162.0,84.0
NW,1972,0.0,0.0,0.0,0.0,7.0,84.0,564.0,256.0,132.0,488.0,155.0,67.0
PA11A,1972,0.0,0.0,5.0,0.0,9.0,81.0,258.0,182.0,70.0,384.0,101.0,50.0
PARKE,1972,0.0,0.0,7.0,0.0,21.0,185.0,331.0,188.0,39.0,440.0,120.0,78.0
PAST3,1972,0.0,0.0,2.0,0.0,8.0,72.0,324.0,231.0,110.0,415.0,123.0,65.0
ROAD,1972,0.0,0.0,4.0,0.0,18.0,127.0,275.0,169.0,99.0,415.0,119.0,68.0
ROBIN,1972,0.0,0.0,5.0,0.0,40.0,231.0,503.0,254.0,98.0,509.0,149.0,82.0
RODEN,1972,0.0,0.0,4.0,0.0,22.0,156.0,299.0,178.0,135.0,420.0,131.0,65.0
RUELA,1972,0.0,0.0,5.0,0.0,11.0,178.0,236.0,229.0,61.0,354.0,132.0,59.0
SCS#1,1972,0.0,0.0,0.0,0.0,8.0,140.6875,325.90625,187.625,113.40625,421.71875,138.90625,67.3125
SCS5N,1972,0.0,0.0,4.1,0.0,13.3125,88.0,491.0,234.0,113.0,452.0,142.0,53.0
SW,1972,0.0,0.0,3.0,0.0,7.0,138.0,291.0,187.0,183.0,442.0,134.0,62.0
WHITE,1972,0.0,0.0,12.0,0.0,9.0,93.0,317.0,191.0,296.0,375.0,125.0,64.0
130,1973,72.0,105.0,361.0,8.0,0.0,64.0,330.0,84.0,10.0,0.0,53.0,0.0
164,1973,31.0,130.0,266.0,5.0,0.0,56.0,206.0,65.0,33.0,0.0,46.0,0.0
205,1973,68.0,83.0,374.0,4.0,0.0,51.0,292.0,78.0,12.0,0.0,47.0,0.0
41,1973,83.0,152.0,366.0,3.0,0.0,41.0,271.0,84.0,15.0,0.0,37.0,0.0
45,1973,62.0,92.0,356.0,8.0,0.0,50.0,277.0,87.0,18.0,0.0,44.0,0.0
AMADO,1973,40.0,122.0,285.0,7.0,0.0,67.0,213.0,92.0,18.0,0.0,28.0,0.0
BOX,1973,72.0,115.0,268.0,2.0,0.0,62.0,305.0,79.0,12.0,0.0,53.0,0.0
DESGR,1973,80.0,135.0,335.0,15.0,0.0,74.0,357.0,89.0,6.0,0.0,53.0,0.0
DESRI,1973,46.0,105.0,300.0,5.0,10.0,57.0,190.0,119.0,21.0,0.0,54.0,0.0
DESST,1973,37.0,156.0,297.0,3.0,0.0,75.0,203.0,90.0,32.0,0.0,52.0,0.0
ERIOP,1973,75.0,92.0,358.0,2.0,3.0,53.0,294.0,90.0,11.0,0.0,51.0,0.0
FAGAN,1973,49.0,95.0,312.0,0.0,0.0,73.0,179.0,180.0,27.0,0.0,63.0,0.0
FLORI,1973,130.0,300.0,521.0,0.0,0.0,108.0,422.0,91.0,15.0,0.0,100.0,0.0
FORES,1973,115.0,220.0,395.0,2.0,0.0,101.0,356.0,98.0,13.0,0.0,86.0,0.0
GRARI,1973,43.0,139.0,286.0,6.0,0.0,102.0,121.0,45.0,61.0,0.0,39.0,0.0
HUERF,1973,64.0,115.0,364.0,6.0,0.0,65.0,267.0,78.0,12.0,0.0,38.0,0.0
IBP,1973,72.0,114.0,345.0,0.0,0.0,59.0,222.0,48.0,8.0,0.0,54.0,0.0
LIMST,1973,50.0,107.0,375.0,8.0,0.0,66.0,224.0,49.0,14.0,0.0,52.0,0.0
MCGIB,1973,92.0,366.0,448.0,0.0,0.0,124.0,277.0,64.0,23.0,0.0,72.0,0.0
MUHLE,1973,59.0,110.0,363.0,1.0,0.0,67.0,213.0,105.0,12.0,0.0,50.0,0.0
NE,1973,59.0,131.0,344.0,6.0,12.0,46.0,131.0,50.0,47.0,0.0,68.0,0.0
NW,1973,33.0,160.0,273.0,6.0,0.0,76.0,191.0,54.0,50.0,0.0,48.0,0.0
PA11A,1973,72.0,128.0,335.0,0.0,0.0,67.0,175.0,89.0,7.0,0.0,52.0,0.0
PARKE,1973,78.0,234.0,395.0,3.0,0.0,73.0,260.0,64.0,14.0,0.0,70.0,0.0
PAST3,1973,36.0,123.0,286.0,2.0,0.0,85.0,109.0,86.0,42.0,0.0,41.0,0.0
ROAD,1973,82.0,125.0,349.0,6.0,0.0,64.0,271.0,80.0,31.0,0.0,39.0,0.0
ROBIN,1973,102.0,248.0,480.0,0.0,0.0,155.0,371.0,47.0,30.0,0.0,104.0,0.0
RODEN,1973,74.0,104.0,363.0,2.0,0.0,54.0,247.0,102.0,10.0,0.0,41.0,0.0
RUELA,1973,59.0,90.0,323.0,7.0,0.0,84.0,213.0,24.0,2.0,0.0,52.0,0.0
SCS5N,1973,30.0,145.0,237.0,3.0,0.0,84.0,155.0,38.0,45.0,0.0,47.0,0.0
SW,1973,56.0,131.0,346.0,0.0,0.0,89.0,192.0,123.0,7.0,0.0,37.0,0.0
WHITE,1973,90.0,171.0,357.0,3.0,5.0,56.0,224.0,137.0,12.0,0.0,61.0,0.0
130,1974,174.0,0.0,53.0,0.0,2.0,5.0,890.0,165.0,165.0,261.0,44.0,30.0
164,1974,115.0,0.0,42.0,0.0,3.0,3.0,528.0,136.0,84.0,199.0,61.0,25.0
205,1974,156.0,0.0,50.0,0.0,2.0,22.0,681.0,121.0,106.0,264.0,45.0,45.0
41,1974,152.0,0.0,55.0,0.0,2.0,3.0,680.0,186.0,254.0,225.0,68.0,27.0
45,1974,160.0,0.0,44.0,0.0,3.0,7.0,895.0,152.0,188.0,258.0,44.0,53.0
AMADO,1974,125.0,0.0,60.0,0.0,3.0,3.0,431.0,145.0,195.0,146.0,79.0,10.0
BOX,1974,175.0,0.0,63.0,0.0,3.0,3.0,1062.0,168.0,122.0,258.0,34.0,40.0
DESGR,1974,160.0,0.0,53.0,0.0,2.0,0.0,791.0,249.0,136.0,220.0,26.0,15.0
DESRI,1974,108.0,0.0,41.0,0.0,1.0,11.0,608.0,105.0,75.0,204.0,40.0,26.0
DESST,1974,131.0,0.0,40.0,0.0,5.0,5.0,442.0,214.0,135.0,245.0,95.0,30.0
ERIOP,1974,157.0,0.0,48.0,0.0,2.0,10.0,666.0,96.0,90.0,319.0,46.0,54.0
FAGAN,1974,140.0,1.0,32.0,0.0,3.0,9.0,440.0,237.0,135.0,234.0,62.0,34.0
FLORI,1974,281.0,2.0,88.0,0.0,0.0,0.0,1006.0,375.0,120.0,388.0,34.0,35.0
FORES,1974,219.0,0.0,67.0,0.0,1.0,0.0,845.0,317.0,120.0,293.0,26.0,21.0
GRARI,1974,139.0,0.0,53.0,0.0,3.0,3.0,542.0,239.0,68.0,179.0,111.0,14.0
HUERF,1974,150.0,0.0,55.0,0.0,3.0,13.0,629.0,55.0,48.0,222.0,45.0,32.0
IBP,1974,155.0,0.0,66.0,0.0,2.0,3.0,1038.0,223.0,98.0,258.0,20.0,35.0
LIMST,1974,140.0,0.0,45.0,0.0,4.0,6.0,540.0,65.0,108.0,182.0,41.0,40.0
MCGIB,1974,231.0,0.0,96.0,0.0,0.0,7.1,955.0,369.0,233.0,352.0,25.0,25.0
MUHLE,1974,147.0,1.0,60.0,0.0,5.0,10.0,655.0,153.0,90.0,265.0,54.0,25.0
NE,1974,133.0,1.0,26.0,0.0,1.0,8.0,557.0,152.0,214.0,224.0,60.0,29.0
NW,1974,121.0,0.0,41.0,0.0,3.0,3.0,574.0,193.0,139.0,258.0,95.0,25.0
PA11A,1974,136.0,0.0,44.0,0.0,1.0,0.0,637.0,200.0,164.0,217.0,38.0,11.0
PARKE,1974,174.0,0.0,82.0,0.0,1.0,0.0,956.0,305.0,158.0,300.0,25.0,45.0
PAST3,1974,113.0,0.0,34.0,0.0,5.0,11.0,610.0,234.0,80.0,184.0,86.0,24.0
ROAD,1974,155.0,0.0,43.0,0.0,2.0,19.0,656.0,169.0,252.0,247.0,51.0,25.0
ROBIN,1974,202.0,0.0,122.0,0.0,0.0,7.1,1024.0,237.0,293.0,345.0,28.0,70.0
RODEN,1974,158.0,0.0,41.0,0.0,2.0,33.0,840.0,140.0,266.0,259.0,58.0,27.0
RUELA,1974,146.0,0.0,69.0,0.0,4.0,2.0,824.0,104.0,100.0,221.0,15.0,50.0
SCS5N,1974,121.0,0.0,27.0,0.0,3.0,3.0,557.0,174.0,138.0,239.0,83.0,10.0
SW,1974,148.0,0.0,48.0,0.0,4.0,15.0,670.0,122.0,270.0,213.0,70.0,17.0
WHITE,1974,166.0,2.0,56.0,0.0,3.0,3.0,715.0,197.0,198.0,254.0,46.0,25.0
130,1975,67.0,15.0,142.0,83.0,2.0,0.0,340.0,240.0,174.0,0.0,97.0,105.0
164,1975,50.0,5.0,110.0,25.0,0.0,0.0,211.0,77.0,155.0,0.0,57.0,38.0
205,1975,66.0,11.0,138.0,67.0,0.0,0.0,356.0,209.0,191.0,0.0,76.0,88.0
41,1975,34.0,9.0,98.0,50.0,2.0,0.0,422.0,108.0,235.0,0.0,68.0,50.0
45,1975,59.0,12.0,142.0,68.0,0.0,0.0,330.0,233.0,153.0,0.0,82.0,92.0
AMADO,1975,43.0,3.0,64.0,33.0,0.0,0.0,219.0,47.0,227.0,0.0,37.0,44.0
BOX,1975,73.0,16.0,152.0,79.0,0.0,0.0,383.0,284.0,167.0,0.0,73.0,112.0
DESGR,1975,74.0,10.0,142.0,78.0,0.0,0.0,292.0,213.0,183.0,3.0,83.0,62.0
DESRI,1975,55.0,11.0,122.0,29.0,0.0,0.0,318.0,99.0,207.0,0.0,50.0,50.0
DESST,1975,60.0,5.0,132.0,28.0,2.0,0.0,318.0,165.0,199.0,0.0,64.0,60.0
ERIOP,1975,68.0,12.0,140.0,62.0,0.0,0.0,350.0,170.0,219.0,0.0,78.0,101.0
FAGAN,1975,57.0,16.0,135.0,38.0,2.0,0.0,325.0,55.0,110.0,0.0,65.0,27.0
FLORI,1975,130.0,12.0,268.0,139.0,0.0,0.0,532.0,276.0,267.0,0.0,159.0,102.0
FORES,1975,95.0,12.0,175.0,91.0,2.0,0.0,465.0,232.0,222.0,3.0,129.0,81.0
GRARI,1975,46.0,2.0,90.0,20.0,0.0,0.0,269.0,47.0,325.0,0.0,49.0,42.0
HUERF,1975,64.0,16.0,150.0,62.0,0.0,0.0,391.0,98.0,270.0,0.0,61.0,94.0
IBP,1975,55.0,25.0,158.0,79.0,0.0,0.0,382.0,274.0,178.0,0.0,74.0,80.0
LIMST,1975,57.0,15.0,154.0,60.0,0.0,0.0,399.0,113.0,141.0,0.0,69.0,62.0
MCGIB,1975,132.0,11.0,218.0,100.0,0.0,0.0,554.0,328.0,257.0,0.0,133.0,140.0
MUHLE,1975,74.0,5.0,130.0,52.0,2.0,0.0,309.0,224.0,182.0,0.0,66.0,79.0
NE,1975,58.0,10.0,145.0,36.0,4.0,0.0,285.0,89.0,209.0,0.0,72.0,57.0
NW,1975,57.0,3.0,123.0,22.0,6.0,0.0,321.0,118.0,218.0,0.0,61.0,70.0
PA11A,1975,65.0,6.0,111.0,55.0,1.0,0.0,235.0,137.0,147.0,0.0,69.0,53.0
PARKE,1975,67.0,10.0,167.0,85.0,0.0,0.0,458.0,348.0,248.0,0.0,108.0,110.0
PAST3,1975,52.0,5.0,107.0,17.0,0.0,0.0,327.0,98.0,175.0,0.0,52.0,42.0
ROAD,1975,52.0,7.0,122.0,66.0,0.0,0.0,325.0,110.0,205.0,0.0,91.0,87.0
ROBIN,1975,89.0,14.0,246.0,108.0,0.0,0.0,713.0,306.0,271.0,7.0,105.0,147.0
RODEN,1975,52.0,6.0,114.0,66.0,3.0,0.0,323.0,102.0,188.0,0.0,81.0,98.0
RUELA,1975,61.0,15.0,160.0,63.0,0.0,0.0,444.0,103.0,205.0,0.0,56.0,98.0
SCS5N,1975,47.0,1.0,99.0,20.0,1.0,0.0,261.0,68.0,215.0,0.0,57.0,52.0
SW,1975,67.0,4.0,95.0,47.0,0.0,0.0,358.0,42.0,224.0,0.0,39.0,64.0
WHITE,1975,68.0,8.0,149.0,83.0,0.0,0.0,367.0,139.0,230.0,0.0,97.0,64.0
130,1976,11.0,84.0,57.0,126.0,30.0,8.0,391.0,140.0,203.0,63.0,74.0,43.0
164,1976,1.0,51.0,37.0,91.0,24.0,64.0,179.0,132.0,64.0,50.0,52.0,9.0
205,1976,9.0,67.0,52.0,112.0,15.0,30.0,437.0,153.0,213.0,47.0,80.0,46.0
41,1976,5.0,86.0,47.0,97.0,40.0,5.0,452.0,114.0,305.0,33.0,81.0,53.0
45,1976,16.0,72.0,56.0,126.0,19.0,23.0,471.0,118.0,201.0,46.0,75.0,43.0
AMADO,1976,8.0,67.0,35.0,45.0,34.758620689655174,6.0,350.0,72.0,206.0,48.0,65.0,15.0
BOX,1976,10.0,77.0,33.0,130.0,26.0,19.0,19.0,101.0,230.0,67.0,66.0,35.0
DESGR,1976,17.0,59.0,75.0,107.0,20.0,8.0,8.0,147.0,281.0,60.0,70.0,34.0
DESRI,1976,7.0,53.0,41.0,76.0,99.0,58.0,58.0,288.0,86.0,60.0,48.0,27.0
DESST,1976,11.0,86.0,43.0,117.0,74.0,111.0,111.0,132.0,120.0,40.0,65.0,9.0
ERIOP,1976,11.0,76.0,54.0,109.0,20.0,41.0,41.0,197.0,216.0,55.0,58.0,45.0
FAGAN,1976,8.0,62.0,59.0,69.0,28.0,23.0,23.0,181.0,128.0,41.0,54.0,19.0
FLORI,1976,43.0,182.0,81.0,152.0,17.0,30.0,921.0,193.0,340.0,308.0,91.0,53.0
FORES,1976,19.0,122.0,62.0,111.0,21.0,2.0,525.0,154.0,310.0,42.0,72.0,38.0
GRARI,1976,13.0,110.0,32.0,124.0,27.0,7.0,248.0,36.0,139.0,21.0,64.0,26.0
HUERF,1976,3.0,69.0,51.0,104.41935483870968,34.758620689655174,13.0,433.0,411.0,191.0,49.0,55.0,48.0
IBP,1976,17.0,78.0,55.0,85.0,9.0,1.0,656.0,48.0,131.0,41.0,53.0,25.0
LIMST,1976,0.0,63.0,46.0,85.0,34.758620689655174,28.516129032258064,481.0,278.0,125.0,55.0,51.0,41.0
MCGIB,1976,10.0,130.0,60.0,112.0,19.0,28.0,745.0,71.0,434.0,128.0,80.0,86.0
MUHLE,1976,11.0,62.0,49.0,101.0,61.0,45.0,341.0,185.0,216.0,47.0,73.0,31.0
NE,1976,9.0,72.0,60.0,105.0,55.0,35.0,383.0,195.0,105.0,74.0,60.0,22.0
NW,1976,17.0,90.0,38.0,100.0,51.0,61.0,232.0,86.0,120.0,40.0,65.0,11.0
PA11A,1976,0.0,68.0,49.0,91.0,28.0,1.0,528.0,132.0,182.0,89.0,60.0,45.0
PARKE,1976,4.0,96.0,73.0,84.0,9.0,15.0,591.0,70.0,345.0,67.0,73.0,40.0
PAST3,1976,3.0,80.0,36.0,99.0,48.0,29.0,232.0,58.0,84.0,14.0,49.0,7.0
ROAD,1976,2.0,75.0,51.0,133.0,37.0,15.0,402.0,126.0,278.0,47.0,60.0,52.0
ROBIN,1976,21.0,115.0,65.0,122.0,26.0,36.0,995.0,91.0,315.0,124.0,79.0,102.0
RODEN,1976,8.0,73.0,60.0,125.0,60.0,15.0,386.0,134.0,295.0,43.0,79.0,49.0
RUELA,1976,12.0,62.0,47.0,68.0,17.0,8.0,655.0,228.0,170.0,54.0,49.0,30.0
SCS5N,1976,13.0,67.0,33.0,108.0,49.0,73.0,397.80645161290323,147.0,210.51612903225808,63.58064516129032,66.2258064516129,37.58064516129032
SW,1976,21.0,83.0,46.0,114.0,48.0,58.0,350.0,114.0,193.0,42.0,71.0,33.0
WHITE,1976,0.0,120.0,43.0,113.0,31.0,16.0,688.0,172.0,300.0,76.0,81.0,48.0
130,1977,308.0,14.0,98.0,40.0,5.0,40.0,235.0,305.0,85.0,300.0,22.0,128.0
164,1977,264.0,13.0,92.0,20.0,6.0,84.0,189.0,277.0,136.0,213.0,20.0,155.0
205,1977,320.0,25.0,90.0,27.0,23.0,70.0,250.0,260.0,242.0,295.0,25.0,112.0
41,1977,302.0,16.0,80.0,32.0,0.0,9.0,276.0,227.0,198.0,280.0,10.0,120.0
45,1977,300.0,20.0,75.0,54.0,1.0,30.0,285.0,275.0,265.0,295.0,25.0,105.0
AMADO,1977,294.0,8.0,52.0,39.0,0.0,10.0,156.0,161.0,273.0,235.0,5.0,91.0
BOX,1977,290.0,39.0,96.0,41.0,14.0,88.0,193.0,174.0,275.0,290.0,35.0,120.0
DESGR,1977,264.0,12.0,89.0,25.0,15.0,50.0,236.0,201.0,146.0,310.0,25.0,115.0
DESRI,1977,289.03333333333336,45.0,100.0,25.0,5.0,133.0,142.0,385.0,185.0,220.0,15.0,172.0
DESST,1977,318.0,12.0,66.0,65.0,0.0,6.0,162.0,220.0,212.0,220.0,20.0,145.0
ERIOP,1977,301.0,21.0,96.0,54.0,7.0,95.0,205.0,293.0,275.0,265.0,22.0,115.0
FAGAN,1977,255.0,25.0,80.0,35.0,5.0,34.0,162.0,256.0,209.0,224.0,20.0,135.0
FLORI,1977,318.0,0.0,108.0,50.0,10.0,108.0,310.0,302.0,234.0,410.0,35.0,155.0
FORES,1977,263.0,22.0,101.0,49.0,5.0,75.0,260.0,195.0,170.0,350.0,27.0,125.0
GRARI,1977,318.0,7.0,50.0,75.0,0.0,10.0,158.0,147.0,164.0,245.0,15.0,125.0
HUERF,1977,296.0,21.0,83.0,0.0,0.0,57.10344827586207,172.0,272.0,263.0,306.0,27.0,113.0
IBP,1977,254.0,9.0,103.0,30.0,15.0,74.0,202.0,255.0,169.0,290.0,35.0,120.0
LIMST,1977,274.0,29.0,90.0,40.0,5.0,70.0,216.0,171.0,275.0,343.0,33.0,162.0
MCGIB,1977,234.0,24.0,106.0,37.666666666666664,10.0,151.0,416.0,385.0,278.0,374.0,49.0,159.0
MUHLE,1977,315.0,25.0,80.0,45.0,5.0,33.0,141.0,291.0,275.0,255.0,20.0,125.0
NE,1977,299.0,13.0,15.0,42.0,1.0,129.0,201.0,464.0,220.0,155.0,32.0,170.0
NW,1977,389.0,3.0,70.0,0.0,5.0,2.0,188.0,150.0,144.0,230.0,25.0,141.0
PA11A,1977,262.0,13.0,67.0,18.0,20.0,14.0,196.0,235.0,127.0,305.0,6.0,111.0
PARKE,1977,225.0,5.0,105.0,0.0,0.0,57.10344827586207,222.43333333333334,261.1034482758621,214.06666666666666,280.1,45.0,130.0
PAST3,1977,276.0,5.0,58.0,55.0,5.0,10.0,125.0,261.1034482758621,180.0,225.0,15.0,120.0
ROAD,1977,295.0,15.0,72.0,38.0,5.0,5.0,242.0,275.0,163.0,290.0,20.0,105.0
ROBIN,1977,243.0,38.0,95.0,60.0,18.0,170.0,374.0,256.0,387.0,353.0,40.0,146.0
RODEN,1977,322.0,18.0,72.0,50.0,3.0,7.0,218.0,234.0,256.0,285.0,15.0,120.0
RUELA,1977,265.0,15.0,69.0,29.0,20.0,117.0,205.0,383.0,226.0,230.0,35.0,100.0
SW,1977,321.0,11.0,77.0,42.0,0.0,18.0,234.0,288.0,200.0,255.0,10.0,110.0
WHITE,1977,286.0,22.0,67.0,50.0,2.0,14.0,324.0,235.0,190.0,355.0,10.0,140.0
130,1978,285.0,220.0,150.0,15.0,60.0,5.0,310.0,120.0,75.0,410.0,170.0,371.0
164,1978,175.0,140.0,120.0,15.0,35.0,15.0,330.0,45.0,70.0,255.0,140.0,347.0
205,1978,253.0,195.0,115.0,20.0,80.0,10.0,415.0,120.0,85.0,425.0,235.0,347.0
41,1978,225.0,220.0,270.0,10.0,15.0,10.0,320.0,420.0,80.0,340.0,240.0,180.0
45,1978,255.0,215.0,120.0,55.0,60.0,15.0,235.0,180.0,165.0,340.0,240.0,364.0
AMADO,1978,174.0,135.0,110.0,5.0,20.0,5.0,385.0,25.0,100.0,415.0,235.0,302.0
BOX,1978,290.0,205.0,135.0,30.0,50.0,5.0,310.0,260.0,120.0,355.0,225.0,399.0
DESGR,1978,210.0,195.0,145.0,5.0,55.0,15.0,475.0,175.0,100.0,365.0,150.0,389.0
DESRI,1978,198.0,160.0,110.0,5.0,40.0,25.0,320.0,125.0,125.0,250.0,240.0,354.0
DESST,1978,210.0,215.0,105.0,15.0,50.0,15.0,490.0,90.0,110.0,285.0,240.0,347.0
ERIOP,1978,248.0,210.0,220.0,15.0,40.0,10.0,445.0,120.0,95.0,410.0,240.0,385.0
FAGAN,1978,185.0,180.0,100.0,20.0,75.0,15.0,215.0,95.0,70.0,280.0,205.0,160.0
FLORI,1978,300.0,319.0,289.0,15.0,18.0,41.0,509.0,318.0,276.0,336.0,436.0,570.0
FORES,1978,218.0,245.0,175.0,5.0,40.0,5.0,370.0,400.0,225.0,370.0,280.0,507.0
GRARI,1978,235.0,175.0,115.0,10.0,45.0,10.0,220.0,75.0,75.0,460.0,225.0,337.0
HUERF,1978,215.0,130.0,120.0,5.0,30.0,10.0,450.0,110.0,110.0,280.0,240.0,403.0
IBP,1978,240.0,195.0,180.0,35.0,15.0,20.0,321.0,105.0,100.0,360.0,140.0,298.0
LIMST,1978,214.0,180.0,120.0,25.0,50.0,10.0,315.0,90.0,45.0,335.0,240.0,465.0
MCGIB,1978,293.0,226.0,194.0,11.0,49.0,21.0,356.0,305.0,97.0,282.0,383.0,569.0
MUHLE,1978,260.0,210.0,125.0,25.0,45.0,75.0,215.0,110.0,140.0,310.0,230.0,368.0
NE,1978,213.0,185.0,130.0,65.0,55.0,10.0,335.0,85.0,95.0,205.0,225.0,423.0
NW,1978,200.0,175.0,100.0,65.0,0.0,20.0,405.0,50.0,105.0,270.0,230.0,323.0
PA11A,1978,178.0,180.0,160.0,25.0,5.0,15.0,410.0,165.0,75.0,300.0,225.0,330.0
PARKE,1978,260.0,200.0,145.0,5.0,60.0,20.0,305.0,250.0,125.0,410.0,240.0,475.0
PAST3,1978,195.0,185.0,120.0,5.0,15.0,50.0,395.0,115.0,135.0,320.0,240.0,250.0
ROAD,1978,245.0,205.0,155.0,20.0,60.0,10.0,395.0,215.0,90.0,350.0,195.0,375.0
ROBIN,1978,314.0,249.0,180.0,19.0,44.0,0.0,328.0,372.0,227.0,259.0,272.0,507.0
RODEN,1978,265.0,200.0,160.0,5.0,80.0,20.0,300.0,265.0,145.0,310.0,135.0,364.0
RUELA,1978,215.0,190.0,160.0,25.0,10.0,5.0,400.0,50.0,90.0,310.0,230.0,385.0
SW,1978,270.0,200.0,130.0,20.0,70.0,25.0,220.0,80.0,75.0,350.0,230.0,354.0
WHITE,1978,225.0,155.0,215.0,0.0,40.0,10.0,320.0,205.0,380.0,355.0,260.0,434.0
130,1979,250.0,50.0,0.0,0.0,110.0,100.0,165.0,538.0,22.0,21.0,21.0,28.0
164,1979,270.0,45.0,39.0,6.0,50.0,66.0,110.0,325.0,0.0,0.0,0.0,16.0
205,1979,260.0,50.0,62.0,0.0,93.0,94.0,110.0,401.0,16.0,17.0,17.0,33.0
41,1979,180.0,35.0,123.0,0.0,115.0,122.0,76.0,534.0,72.0,28.0,28.0,44.0
45,1979,240.0,45.0,135.0,0.0,100.0,55.0,115.0,445.0,17.0,22.0,22.0,28.0
AMADO,1979,240.0,35.0,113.0,0.0,66.0,60.0,62.0,230.0,0.0,0.0,0.0,50.0
BOX,1979,305.0,40.0,30.0,0.0,122.0,98.0,160.0,407.0,28.0,22.0,22.0,0.0
DESGR,1979,270.0,40.0,139.0,6.0,82.0,66.0,132.0,588.0,33.0,17.0,17.0,22.0
DESRI,1979,260.0,40.0,97.0,0.0,55.0,44.0,60.0,210.0,0.0,0.0,0.0,11.0
DESST,1979,260.0,15.0,37.0,5.0,0.0,72.0,153.0,457.0,10.0,0.0,0.0,22.0
ERIOP,1979,260.0,55.0,0.0,0.0,93.0,82.0,120.0,337.0,16.0,17.0,17.0,22.0
FAGAN,1979,230.0,20.0,0.0,0.0,0.0,0.0,0.0,160.0,5.0,10.0,10.0,28.0
FLORI,1979,453.0,81.0,251.0,0.0,65.0,89.0,231.0,487.0,151.0,15.25,15.25,24.357142857142858
FORES,1979,360.0,50.0,126.0,0.0,33.0,0.0,138.0,320.0,0.0,39.0,39.0,28.0
GRARI,1979,195.0,30.0,39.0,0.0,120.0,105.0,148.0,369.0,5.0,0.0,0.0,44.0
HUERF,1979,290.0,60.0,80.0,0.0,105.0,60.0,28.0,208.0,0.0,22.0,22.0,0.0
IBP,1979,150.0,55.0,0.0,0.0,77.0,60.0,148.0,512.0,22.0,22.0,22.0,16.0
LIMST,1979,290.0,50.0,64.0,1.0,76.0,67.0,0.0,230.0,10.0,17.0,17.0,11.0
MCGIB,1979,420.0,82.0,70.41379310344827,3.4482758620689653,118.0,131.0,204.0,479.0,140.0,15.25,15.25,24.357142857142858
MUHLE,1979,290.0,10.0,105.0,5.0,94.0,82.0,105.0,397.0,0.0,10.0,10.0,0.0
NE,1979,260.0,50.0,4.0,17.0,88.0,77.0,60.0,259.0,10.0,5.0,5.0,28.0
NW,1979,220.0,225.0,0.0,0.0,38.0,28.0,100.0,418.0,0.0,0.0,0.0,6.0
PA11A,1979,290.0,35.0,86.0,0.0,88.0,55.0,93.0,534.0,50.0,39.0,39.0,38.0
PARKE,1979,165.0,50.0,94.0,0.0,94.0,82.0,153.0,462.0,82.0,33.0,33.0,22.0
PAST3,1979,285.0,25.0,46.0,55.0,21.0,89.0,126.0,397.0,0.0,5.0,5.0,38.0
ROAD,1979,230.0,10.0,143.0,0.0,94.0,66.0,39.0,506.0,0.0,6.0,6.0,22.0
ROBIN,1979,269.1,74.0,70.41379310344827,3.4482758620689653,156.0,119.0,353.0,397.7,61.0,15.25,15.25,24.357142857142858
RODEN,1979,350.0,65.0,111.0,0.0,82.0,55.0,62.0,456.0,28.0,22.0,22.0,33.0
RUELA,1979,180.0,35.0,20.0,5.0,82.0,34.0,158.0,270.0,17.0,22.0,22.0,16.0
SW,1979,260.0,115.0,0.0,0.0,0.0,72.0,98.0,407.0,22.0,10.0,10.0,38.0
WHITE,1979,360.0,30.0,98.0,0.0,110.0,77.0,72.0,588.0,44.0,21.0,21.0,38.0
130,1980,61.0,247.0,149.0,22.0,0.0,1.0,284.0,230.0,199.0,11.666666666666666,6.0,27.0
164,1980,49.0,242.0,143.0,11.0,0.0,5.0,93.0,190.0,108.0,28.0,8.2,9.0
205,1980,66.0,242.0,149.0,8.0,0.0,3.0,201.0,259.0,179.0,3.0,6.0,30.0
41,1980,55.0,258.0,116.0,17.0,0.0,1.0,209.0,245.0,133.0,28.0,8.2,30.0
45,1980,71.0,231.0,138.0,22.0,0.0,0.0,209.0,272.0,157.0,18.0,8.2,33.0
AMADO,1980,38.0,275.0,110.0,44.0,0.0,0.0,326.0,142.0,93.0,16.0,8.2,15.0
BOX,1980,72.0,247.0,154.0,17.0,0.0,3.0,281.0,312.0,225.0,9.0,0.0,29.0
DESGR,1980,66.0,396.0,1.0,14.0,0.0,0.0,377.0,248.0,202.0,4.0,0.0,25.0
DESRI,1980,66.0,237.0,132.0,0.0,0.0,0.0,161.0,217.0,169.0,21.0,8.2,31.0
DESST,1980,50.0,275.0,165.0,17.0,0.0,0.0,204.0,106.0,101.0,14.0,15.0,21.0
ERIOP,1980,66.0,253.0,154.0,6.0,0.0,4.0,235.0,249.0,216.0,8.0,2.0,34.0
FAGAN,1980,39.0,275.0,138.0,0.0,0.0,94.0,118.0,320.0,186.0,9.0,6.0,14.0
FLORI,1980,174.0,394.0,201.0,11.0,5.0,30.0,593.0,325.0,439.0,5.0,0.0,28.0
FORES,1980,88.0,314.0,143.0,22.0,0.0,1.0,509.0,270.0,271.0,11.0,8.2,29.0
GRARI,1980,49.0,286.0,132.0,6.0,0.0,0.0,260.0,173.0,64.0,19.0,12.0,9.0
HUERF,1980,49.0,198.0,134.93333333333334,15.206896551724139,0.0,1.0,257.0,186.0,251.0,5.0,11.0,86.0
IBP,1980,77.0,237.0,189.0,15.0,0.0,5.0,383.0,367.0,302.0,7.0,8.2,19.0
LIMST,1980,55.0,264.0,138.0,11.0,0.0,2.0,180.0,198.0,296.0,18.0,26.0,86.0
MCGIB,1980,132.0,371.0,86.0,13.0,2.0,26.0,515.0,420.0,278.0,9.0,8.2,36.0
MUHLE,1980,99.0,253.0,143.0,11.0,0.0,11.0,156.0,214.0,110.0,4.0,21.0,34.0
NE,1980,66.0,302.0,154.0,0.0,0.0,104.0,131.0,318.0,263.0,17.0,0.0,44.0
NW,1980,39.0,258.0,154.0,1.0,0.0,3.0,150.0,246.0,114.0,19.0,10.0,12.0
PA11A,1980,71.0,237.0,132.0,11.0,0.0,1.0,264.0,162.0,110.0,10.0,8.2,19.0
PARKE,1980,99.0,313.0,138.0,11.0,0.0,2.0,314.0,374.0,279.0,11.666666666666666,8.2,30.0
PAST3,1980,50.0,258.0,143.0,11.0,0.0,0.0,272.0,84.0,62.0,6.0,20.0,8.0
ROAD,1980,66.0,301.0,138.0,17.0,0.0,5.0,285.0,194.0,111.0,2.0,20.0,20.0
ROBIN,1980,95.0,322.0,90.0,84.0,0.0,20.0,404.0,368.0,368.0,0.0,0.0,22.0
RODEN,1980,66.0,236.0,143.0,17.0,0.0,4.0,258.0,168.0,171.0,7.0,0.0,27.0
RUELA,1980,71.0,231.0,121.0,11.0,0.0,20.0,244.0,246.0,206.0,11.666666666666666,8.2,10.0
SW,1980,66.0,242.0,116.0,11.0,0.0,0.0,259.0,150.0,82.0,18.0,3.0,22.0
WHITE,1980,66.0,258.0,138.0,15.206896551724139,0.0,5.0,65.0,194.0,111.0,11.666666666666666,6.0,24.0
130,1981,233.0,185.0,165.0,13.0,52.0,162.0,802.0,103.0,177.0,148.0,90.0,0.0
164,1981,93.0,80.0,254.0,6.0,42.0,28.0,382.0,117.0,282.0,13.0,72.0,0.0
205,1981,253.0,181.0,216.0,3.0,45.0,111.0,732.0,35.0,152.0,102.0,73.0,3.1153846153846154
41,1981,212.0,220.0,131.0,39.0,4.0,44.0,554.0,158.0,315.0,2.0,102.0,2.0
45,1981,218.0,177.0,136.0,2.0,83.0,122.0,536.0,47.0,172.0,83.0,76.0,0.0
AMADO,1981,100.0,248.0,105.0,50.0,2.0,11.0,395.0,42.0,191.0,3.0,103.0,2.0
BOX,1981,250.0,168.0,151.0,53.0,15.0,144.0,727.0,53.0,153.0,180.0,92.0,0.0
DESGR,1981,85.0,174.0,142.0,18.0,40.0,61.0,639.0,66.0,128.0,119.0,83.0,3.1153846153846154
DESRI,1981,105.0,68.0,240.0,9.0,42.0,35.0,583.0,137.0,328.0,61.0,60.0,3.0
DESST,1981,164.6,330.0,145.0,17.0,37.241379310344826,44.0,314.0,128.0,143.0,129.0,85.0,3.0
ERIOP,1981,241.0,91.0,228.0,9.0,44.0,79.0,629.0,95.0,146.0,1.0,212.0,3.1153846153846154
FAGAN,1981,103.0,65.0,198.0,23.0,16.0,61.0,433.0,85.0,195.0,29.0,48.0,0.0
FLORI,1981,149.0,74.0,283.0,100.0,47.0,70.03333333333333,520.8333333333334,107.86206896551724,230.8,59.233333333333334,90.53333333333333,3.1153846153846154
FORES,1981,106.0,190.0,174.0,25.0,71.0,124.0,467.0,242.0,195.0,140.0,102.0,2.0
GRARI,1981,245.0,94.0,275.0,52.0,0.0,25.0,524.0,39.0,266.0,0.0,96.0,4.0
HUERF,1981,260.0,108.0,266.0,9.0,53.0,81.0,344.0,103.0,253.0,87.0,68.0,2.0
IBP,1981,116.0,158.0,161.0,20.0,36.0,117.0,660.0,41.0,240.0,103.0,73.0,0.0
LIMST,1981,83.0,80.0,229.0,14.0,34.0,64.0,532.0,73.0,157.0,62.0,64.0,3.1153846153846154
MCGIB,1981,163.0,88.0,329.0,61.0,69.0,42.0,621.0,152.0,215.0,79.0,210.0,0.0
MUHLE,1981,78.0,249.0,233.0,9.0,30.0,63.0,278.0,201.0,96.0,158.0,82.0,1.0
NE,1981,234.0,80.0,274.0,12.0,56.0,51.0,528.0,212.0,297.0,56.0,71.0,0.0
NW,1981,212.0,100.0,311.0,28.2,37.241379310344826,28.0,274.0,136.0,141.0,117.0,71.0,1.0
PA11A,1981,87.0,166.0,115.0,33.0,1.0,69.0,433.0,77.0,282.0,0.0,88.0,56.0
PARKE,1981,99.0,177.0,201.3448275862069,26.0,62.0,160.0,505.0,227.0,241.0,11.0,86.0,2.0
PAST3,1981,78.0,81.0,251.0,22.0,37.0,0.0,446.0,19.0,223.0,4.0,80.0,2.0
ROAD,1981,262.0,131.0,201.3448275862069,30.0,23.0,59.0,468.0,134.0,300.0,0.0,84.0,0.0
ROBIN,1981,124.0,97.0,262.0,33.0,25.0,50.0,694.0,107.86206896551724,478.0,25.0,92.0,0.0
RODEN,1981,212.0,176.0,121.0,12.0,90.0,73.0,518.0,116.0,243.0,19.0,91.0,0.0
RUELA,1981,104.0,77.0,173.0,45.0,36.0,69.0,472.0,49.0,301.0,40.0,68.0,1.0
SW,1981,221.0,194.0,110.0,57.0,19.0,25.0,509.0,50.0,303.0,6.0,87.0,0.0
WHITE,1981,212.0,211.0,161.0,44.0,6.0,99.0,626.0,191.0,311.0,0.0,107.0,0.0
130,1982,130.0,63.0,123.0,0.0,59.0,0.0,471.0,408.0,266.0,0.0,78.0,277.0
164,1982,91.0,41.0,76.0,2.0,6.0,6.0,457.0,260.0,178.0,1.0,127.0,86.0
205,1982,114.0,69.0,94.0,3.0,13.0,19.0,299.0,310.0,222.0,0.0,143.0,152.0
41,1982,113.0,48.0,104.0,2.0,28.0,0.0,318.0,337.0,235.0,1.0,95.0,239.0
45,1982,121.0,63.0,109.0,7.0,36.0,0.0,356.0,332.0,226.0,0.0,80.0,226.0
AMADO,1982,94.0,8.0,47.0,10.0,27.0,14.0,140.0,245.0,186.0,1.0,123.0,109.0
BOX,1982,136.0,67.0,124.0,2.0,45.0,9.0,358.0,337.0,295.0,0.0,75.0,280.0
DESGR,1982,139.0,65.0,118.0,3.0,13.0,2.0,373.0,549.0,268.0,1.0,69.0,301.0
DESRI,1982,96.0,28.0,99.0,3.0,11.0,30.0,482.0,296.0,245.0,0.0,141.0,91.0
DESST,1982,101.0,29.0,75.0,3.0,63.0,4.0,306.0,218.0,270.0,0.0,130.0,92.0
ERIOP,1982,115.0,70.0,102.0,5.0,11.0,18.0,331.0,323.0,268.0,0.0,148.0,147.0
FAGAN,1982,108.0,104.0,72.0,2.0,23.0,8.0,317.0,394.0,274.0,0.0,170.0,88.0
FLORI,1982,98.0,55.53333333333333,100.03333333333333,3.6666666666666665,0.0,27.0,335.0,500.0,333.0,0.0,274.0,535.0
FORES,1982,143.0,65.0,142.0,2.0,14.0,14.0,358.0,469.0,245.0,2.0,80.0,364.0
GRARI,1982,80.0,10.0,56.0,5.0,84.0,4.0,156.0,170.0,213.0,3.0,130.0,149.0
HUERF,1982,106.0,59.0,108.0,4.0,45.0,130.0,529.0,448.0,249.0,0.0,169.0,141.0
IBP,1982,122.0,48.0,142.0,3.0,46.0,0.0,255.0,286.0,286.0,0.0,68.0,277.0
LIMST,1982,102.0,45.0,92.0,3.0,35.0,150.0,453.0,310.0,234.0,0.0,172.0,104.0
MCGIB,1982,216.0,123.0,154.0,13.0,66.0,22.0,388.0,397.0,245.0,0.0,123.0,413.0
MUHLE,1982,64.0,20.0,94.0,2.0,13.0,7.0,332.0,258.0,229.0,0.0,147.0,128.0
NE,1982,125.0,96.0,109.0,2.0,40.0,93.0,452.0,310.0,215.0,1.0,185.0,108.0
NW,1982,102.0,66.0,83.0,4.0,53.0,32.0,362.0,241.0,190.0,0.0,125.0,98.0
PA11A,1982,115.0,57.0,94.0,4.0,26.0,0.0,272.0,346.0,235.0,0.0,66.0,260.0
PARKE,1982,161.0,73.0,141.0,5.0,57.0,14.0,315.0,365.0,282.0,0.0,74.0,347.0
PAST3,1982,116.0,11.0,53.0,4.0,20.0,13.0,167.0,204.0,283.0,1.0,111.0,144.0
ROAD,1982,124.0,69.0,103.0,6.0,38.0,2.0,149.0,389.0,234.0,1.0,84.0,265.0
ROBIN,1982,176.0,78.0,127.0,0.0,58.0,27.0,276.0,339.0,267.0,0.0,196.0,263.0
RODEN,1982,124.0,64.0,89.0,2.0,81.0,8.0,300.0,415.0,223.0,0.0,80.0,235.0
RUELA,1982,139.0,69.0,83.0,3.0,24.0,29.0,362.0,285.0,195.0,0.0,152.0,137.0
SW,1982,108.0,23.0,74.0,2.0,54.0,4.0,246.0,299.0,220.0,3.0,74.0,149.0
WHITE,1982,160.0,35.0,114.0,4.0,24.0,0.0,377.0,380.0,338.0,0.0,88.0,243.0
164,1983,233.0,64.0,148.0,24.0,34.0,0.0,319.0,477.0,352.0,436.0,165.0,40.0
41,1983,244.0,126.0,191.0,22.0,64.0,0.0,255.0,476.0,496.0,443.0,113.0,61.0
45,1983,289.0,131.0,193.0,58.0,20.0,0.0,214.0,392.0,527.0,394.0,160.0,54.0
AMADO,1983,205.0,87.0,124.0,3.0,11.0,0.0,147.0,271.0,643.0,447.0,98.0,53.0
BOX,1983,283.0,144.0,223.0,93.0,21.0,0.0,249.0,369.0,578.0,469.0,151.0,59.0
DESGR,1983,239.0,68.0,274.0,63.0,13.0,0.0,267.0,508.0,548.0,365.0,151.0,47.0
DESRI,1983,216.0,68.0,145.0,33.0,36.0,0.0,317.0,433.0,388.0,585.0,149.0,41.0
DESST,1983,128.0,217.0,163.0,13.0,52.0,0.0,217.0,409.0,395.0,427.0,162.0,51.0
ERIOP,1983,299.0,130.0,203.0,51.0,34.0,0.0,285.0,269.0,518.0,458.0,172.0,58.0
FLORI,1983,339.0,291.0,421.0,115.0,35.0,0.0,325.0,747.0,831.0,507.0,261.0,84.0
FORES,1983,247.0,169.0,271.0,82.0,14.0,5.0,246.0,537.0,780.0,454.0,184.0,61.0
GRARI,1983,235.0,124.0,129.0,12.0,4.0,0.0,188.0,443.0,689.0,350.0,142.0,70.0
HUERF,1983,254.0,116.0,223.0,47.0,30.0,0.0,416.0,587.0,742.0,285.0,160.0,67.0
IBP,1983,262.0,132.0,195.0,81.0,21.0,6.0,217.0,366.0,677.0,270.0,213.0,32.0
LIMST,1983,211.0,90.0,188.0,40.0,12.0,1.0,327.0,440.0,383.0,565.0,146.0,42.0
MCGIB,1983,275.0,202.0,347.0,102.0,29.0,0.0,324.0,460.0,919.0,501.0,230.0,76.0
MUHLE,1983,295.0,125.0,190.0,30.0,28.0,0.0,337.0,364.0,454.0,604.0,171.0,62.0
NE,1983,234.0,95.0,221.0,34.0,31.0,0.0,320.0,654.0,462.0,539.0,194.0,41.0
NW,1983,236.0,63.0,143.0,6.0,42.0,0.0,167.0,382.0,441.0,585.0,169.0,41.0
PARKE,1983,311.0,180.0,291.0,90.0,45.0,1.0,218.0,386.0,870.0,366.0,191.0,62.0
PAST3,1983,203.0,79.0,124.0,7.0,53.0,0.0,164.0,369.0,421.0,416.0,140.0,63.0
ROAD,1983,249.0,124.0,191.0,50.0,24.0,0.0,276.0,595.0,471.0,372.0,138.0,48.0
ROBIN,1983,271.0,206.0,207.0,123.0,25.0,0.0,220.0,424.0,662.0,515.0,200.0,22.0
RODEN,1983,322.0,123.0,196.0,47.0,19.0,0.0,284.0,493.0,423.0,469.0,139.0,54.0
RUELA,1983,252.0,140.0,188.0,74.0,15.0,0.0,298.0,389.0,563.0,263.0,138.0,67.0
SW,1983,248.0,100.0,141.0,9.0,39.0,0.0,246.0,535.0,440.0,614.0,121.0,60.0
WHITE,1983,212.0,126.0,259.0,34.0,62.0,0.0,263.0,593.0,629.0,549.0,154.0,49.0
164,1984,135.0,0.0,0.0,51.0,2.0,32.0,377.0,365.0,250.0,70.0,45.0,284.0
41,1984,175.0,0.0,0.0,64.0,113.0,139.0,872.0,822.0,432.0,121.0,67.0,433.0
45,1984,140.0,0.0,0.0,83.0,34.0,145.0,659.0,675.0,332.0,135.0,61.0,399.0
AMADO,1984,169.0,0.0,0.0,57.0,48.0,50.0,504.0,603.0,410.0,90.0,47.0,388.0
BOX,1984,157.0,0.0,0.0,102.0,23.0,155.0,858.0,732.0,362.0,148.0,62.0,417.0
DESGR,1984,129.0,0.0,0.0,100.0,33.0,206.0,751.0,447.0,429.0,127.0,51.0,420.0
DESRI,1984,112.0,0.0,0.0,68.0,3.0,38.0,464.0,322.0,235.0,83.0,31.0,286.0
DESST,1984,152.0,0.0,0.0,67.0,33.0,65.0,414.0,329.0,309.0,114.0,53.0,330.0
ERIOP,1984,142.0,0.0,0.0,97.0,16.0,105.0,540.0,672.0,293.0,133.0,53.0,356.0
FLORI,1984,251.0,0.0,0.0,172.0,36.0,196.0,745.0,680.0,395.0,163.0,83.0,729.0
FORES,1984,152.0,0.0,0.0,108.0,82.0,159.0,736.0,539.0,394.0,110.0,50.0,498.0
GRARI,1984,175.0,0.0,0.0,64.0,37.0,59.0,453.0,348.0,502.0,102.0,83.0,412.0
HUERF,1984,136.0,0.0,0.0,96.0,10.0,174.0,425.0,480.0,298.0,144.0,65.0,324.0
IBP,1984,136.0,0.0,0.0,91.0,13.0,106.0,682.0,520.0,380.0,116.0,57.0,392.0
LIMST,1984,116.0,0.0,0.0,87.0,10.0,215.0,332.0,413.0,287.0,95.0,59.0,266.0
MCGIB,1984,270.0,0.0,0.0,144.0,39.0,279.0,622.0,551.0,408.0,157.0,70.0,606.0
MUHLE,1984,147.0,0.0,0.0,84.0,9.0,82.0,523.0,564.0,321.0,130.0,49.0,361.0
NE,1984,166.0,0.0,0.0,76.0,4.0,228.0,513.0,406.0,295.0,90.0,46.0,306.0
NW,1984,108.0,0.0,0.0,35.0,4.0,39.0,277.0,366.0,268.0,87.0,43.0,303.0
PARKE,1984,195.0,0.0,0.0,114.0,39.0,182.0,589.0,478.0,435.0,140.0,53.0,463.0
PAST3,1984,144.0,0.0,0.0,46.0,16.0,59.0,396.0,286.0,342.0,94.0,51.0,310.0
ROAD,1984,131.0,0.0,0.0,79.0,97.0,114.0,671.0,564.0,369.0,131.0,60.0,430.0
ROBIN,1984,255.0,0.0,0.0,139.0,0.0,175.0,514.0,544.0,331.0,144.0,93.0,447.0
RODEN,1984,148.0,0.0,0.0,74.0,63.0,117.0,576.0,487.0,343.0,127.0,62.0,432.0
RUELA,1984,142.0,0.0,0.0,102.0,2.0,168.0,405.0,457.0,292.0,135.0,69.0,331.0
SW,1984,175.0,0.0,0.0,48.0,69.0,76.0,611.0,500.0,351.0,131.0,45.0,403.0
WHITE,1984,138.0,0.0,0.0,96.0,100.0,190.0,808.0,610.0,426.0,128.0,65.0,496.0
164,1985,164.0,136.0,9.0,43.0,1.0,36.0,210.0,182.0,228.0,157.0,124.0,21.0
41,1985,224.0,168.0,32.0,56.0,0.0,2.0,325.0,234.0,235.0,195.0,131.0,28.0
45,1985,237.0,138.0,45.0,49.0,4.0,24.0,338.0,257.0,168.0,244.0,127.0,27.0
AMADO,1985,168.0,170.0,0.0,46.0,0.0,0.0,219.0,259.0,151.0,133.0,94.0,19.0
BOX,1985,270.0,135.0,33.0,71.0,10.0,41.0,377.0,250.0,201.0,301.0,120.0,15.0
DESGR,1985,261.0,260.0,35.0,59.0,3.0,20.0,488.0,376.0,184.0,281.0,110.0,22.0
DESRI,1985,192.0,132.0,17.0,46.0,0.0,30.0,289.0,316.0,142.0,204.0,109.0,17.0
DESST,1985,211.0,161.0,12.0,51.0,0.0,18.0,180.0,163.0,270.0,148.0,136.0,25.0
ERIOP,1985,232.0,139.0,47.0,50.0,4.0,13.0,314.0,317.0,158.0,268.0,135.0,28.0
FLORI,1985,384.0,175.0,41.0,150.0,1.0,8.0,811.0,261.0,308.0,457.0,196.0,50.0
FORES,1985,301.0,139.0,29.0,95.0,7.0,10.0,628.0,234.0,197.0,395.0,130.0,28.0
GRARI,1985,182.0,160.0,12.0,36.0,0.0,3.0,212.0,309.0,219.0,180.0,106.0,26.0
HUERF,1985,254.0,134.0,50.0,53.0,0.0,32.0,404.0,336.0,201.0,258.0,132.0,23.0
IBP,1985,263.0,109.0,36.0,80.0,6.0,27.0,393.0,102.0,182.0,299.0,93.0,25.0
LIMST,1985,207.0,135.0,47.0,41.0,0.0,32.0,364.0,243.0,147.0,221.0,120.0,22.0
MCGIB,1985,292.0,126.0,55.0,139.0,0.0,20.0,488.0,230.0,253.0,381.0,123.0,43.0
MUHLE,1985,238.0,150.0,29.0,51.0,0.0,18.0,256.0,213.0,177.0,215.0,144.0,27.0
NE,1985,226.0,200.0,18.0,57.0,2.0,112.0,325.0,183.0,217.0,227.0,114.0,30.0
NW,1985,189.0,149.0,5.0,30.0,0.0,24.0,155.0,116.0,239.0,139.0,147.0,21.0
PARKE,1985,307.0,130.0,38.0,98.0,6.0,29.0,480.0,178.0,242.0,379.0,108.0,23.0
PAST3,1985,173.0,138.0,3.0,43.0,0.0,2.0,146.0,140.0,223.0,162.0,116.0,23.0
ROAD,1985,238.0,151.0,35.0,61.0,0.0,4.0,360.0,301.0,235.0,223.0,134.0,26.0
ROBIN,1985,277.0,149.0,8.0,161.0,0.0,42.0,380.0,263.0,225.0,245.42307692307693,124.3076923076923,30.0
RODEN,1985,236.0,155.0,37.0,52.0,8.0,19.0,332.0,173.0,187.0,246.0,127.0,33.0
RUELA,1985,224.0,107.0,29.0,82.0,12.0,4.0,358.0,158.0,158.0,251.0,98.0,23.0
SW,1985,206.0,169.0,18.0,45.0,0.0,13.0,258.0,195.0,182.0,176.0,118.0,26.0
WHITE,1985,243.0,144.0,40.0,67.0,0.0,0.0,432.0,342.0,240.0,241.0,140.0,25.0
164,1986,0.0,188.0,65.0,46.0,39.0,46.0,144.0,217.0,145.0,39.0,22.0,164.0
41,1986,0.0,212.0,97.0,0.0,42.0,179.0,227.0,303.0,98.0,40.0,33.0,239.0
45,1986,0.0,188.0,77.0,0.0,55.0,97.0,180.0,403.0,68.0,52.0,30.0,182.0
AMADO,1986,5.0,188.0,60.0,14.807692307692308,23.0,99.0,224.0,438.0,88.0,26.0,57.0,185.0
BOX,1986,11.0,207.0,68.0,1.0,58.0,89.0,205.0,554.0,32.0,67.0,25.0,172.0
DESGR,1986,0.0,192.0,81.0,0.0,37.0,101.0,242.0,454.0,44.0,74.0,20.0,183.0
DESRI,1986,2.0,263.0,76.0,64.0,33.0,65.0,77.0,337.0,138.0,69.0,7.0,179.0
DESST,1986,0.0,202.0,92.0,16.0,51.0,61.0,130.0,248.0,110.0,45.0,38.0,185.0
ERIOP,1986,0.0,219.0,77.0,75.0,55.0,85.0,171.0,540.0,64.0,81.0,21.0,195.0
FLORI,1986,77.0,238.0,161.0,0.0,151.0,85.0,365.0,522.0,98.0,78.0,67.0,221.0
FORES,1986,2.0,220.0,89.0,0.0,42.0,72.0,232.0,440.0,58.0,51.0,9.0,179.0
GRARI,1986,0.0,188.0,90.0,2.0,13.0,13.0,151.0,327.0,53.0,19.0,39.0,131.0
HUERF,1986,2.0,271.0,100.0,31.0,49.0,62.0,163.0,596.0,59.0,133.0,26.0,238.0
IBP,1986,0.0,187.0,66.0,0.0,60.0,48.0,228.0,488.0,61.0,57.0,23.0,161.0
LIMST,1986,0.0,257.0,76.0,10.0,29.0,63.0,175.0,455.0,102.0,96.0,23.0,237.0
MCGIB,1986,62.0,183.0,125.0,3.0,81.0,64.0,313.0,535.0,78.0,153.0,47.0,233.0
MUHLE,1986,0.0,213.0,91.0,7.0,40.0,80.0,142.0,423.0,124.0,56.0,50.0,206.0
NE,1986,5.0,261.0,99.0,20.0,49.0,60.0,97.0,384.0,130.0,66.0,8.0,211.0
NW,1986,0.0,167.0,65.0,8.0,56.0,25.0,135.0,173.0,106.0,38.0,44.0,135.0
PARKE,1986,0.0,208.0,119.0,0.0,64.0,35.0,263.0,519.0,67.0,127.0,19.0,191.0
PAST3,1986,0.0,138.0,59.0,3.0,21.0,29.0,114.0,257.0,64.0,25.0,57.0,157.0
ROAD,1986,0.0,213.0,94.0,4.0,25.0,152.0,266.0,305.0,80.0,73.0,43.0,211.0
ROBIN,1986,74.0,234.0,72.0,58.0,64.0,53.0,325.0,618.0,50.0,57.0,45.0,210.0
RODEN,1986,0.0,227.0,88.0,0.0,22.0,133.0,187.0,317.0,85.0,46.0,29.0,200.0
RUELA,1986,0.0,219.0,50.0,29.0,42.0,46.0,248.0,706.0,62.0,15.0,34.0,167.0
SW,1986,2.0,182.0,73.0,8.0,15.0,52.0,130.0,179.0,130.0,15.0,34.0,192.0
WHITE,1986,0.0,210.0,95.0,0.0,54.0,113.0,230.0,446.0,45.0,70.0,45.0,204.0
164,1987,49.0,150.0,13.0,96.0,109.0,0.0,19.0,270.0,81.0,30.0,49.0,210.0
41,1987,54.0,199.0,18.0,132.0,76.0,6.0,100.0,283.0,150.0,80.0,94.0,264.0
45,1987,67.0,213.0,23.0,119.0,103.0,6.0,109.0,465.0,152.0,57.0,62.0,248.0
AMADO,1987,34.0,159.0,36.0,135.0,94.0,2.0,95.0,278.0,116.0,69.0,60.0,234.0
BOX,1987,71.0,199.0,45.0,120.0,155.0,25.0,243.0,545.0,201.0,92.0,65.0,279.0
DESGR,1987,70.0,233.0,37.0,120.0,166.0,0.0,162.0,316.0,165.0,65.0,70.0,305.0
DESRI,1987,90.0,157.0,30.0,98.0,81.0,0.0,36.0,286.0,87.0,48.0,50.0,214.0
DESST,1987,45.0,176.0,14.0,144.0,114.0,0.0,47.0,274.0,114.0,67.0,63.0,238.0
ERIOP,1987,76.0,221.0,47.0,141.0,122.0,25.0,97.0,603.0,187.0,90.0,86.0,245.0
FLORI,1987,156.0,268.0,47.0,179.0,140.0,4.0,429.0,539.0,207.0,79.0,83.0,338.0
FORES,1987,65.0,234.0,23.0,131.0,124.0,0.0,144.0,454.0,172.0,80.0,69.0,299.0
GRARI,1987,32.0,160.0,17.0,113.0,81.0,0.0,47.0,230.0,140.0,45.0,75.0,208.0
HUERF,1987,76.0,197.0,36.0,163.0,118.0,37.0,102.0,521.0,164.0,56.0,50.0,267.0
IBP,1987,56.0,167.0,41.0,107.0,186.0,0.0,216.0,509.0,158.0,60.0,81.0,260.0
LIMST,1987,58.0,189.0,40.0,129.0,87.0,24.0,94.0,345.0,95.0,23.0,50.0,277.0
MCGIB,1987,120.0,222.0,41.0,135.0,209.0,0.0,312.0,652.0,177.0,51.0,105.0,468.0
MUHLE,1987,63.0,170.0,41.0,118.0,106.0,0.0,101.0,520.0,142.0,97.0,62.0,239.0
NE,1987,83.0,152.0,35.0,109.0,74.0,19.0,37.0,343.0,88.0,30.0,44.0,234.0
NW,1987,39.0,161.0,17.0,142.0,97.0,0.0,40.0,265.0,96.0,60.0,72.0,204.0
PARKE,1987,67.0,204.0,28.0,113.0,190.0,4.0,272.0,607.0,146.0,47.0,96.0,309.0
PAST3,1987,29.0,161.0,21.0,125.0,93.0,0.0,56.0,191.0,105.0,70.0,84.0,218.0
ROAD,1987,62.0,174.0,30.0,109.0,130.0,0.0,109.0,358.0,127.0,77.0,100.0,311.0
ROBIN,1987,75.0,209.0,10.0,125.73076923076923,163.0,0.0,202.0,745.0,170.0,58.0,100.0,306.0
RODEN,1987,58.0,166.0,35.0,107.0,112.0,3.0,102.0,394.0,121.0,60.0,58.0,254.0
RUELA,1987,47.0,172.0,50.0,138.0,127.0,43.0,134.0,557.0,141.0,80.0,91.0,221.0
SW,1987,36.0,160.0,17.0,142.0,79.0,0.0,92.0,281.0,130.0,50.0,36.0,217.0
WHITE,1987,55.0,240.0,19.0,104.0,122.0,5.0,93.0,392.0,95.0,60.0,55.0,282.0
164,1988,71.0,50.0,9.0,109.0,0.0,11.0,361.0,161.0,39.0,191.0,36.0,34.0
41,1988,127.0,47.0,28.0,177.0,0.0,54.0,541.0,394.0,2.0,392.0,24.0,47.0
45,1988,101.0,50.0,28.0,150.0,0.0,62.0,722.0,350.0,0.0,388.0,44.0,42.0
AMADO,1988,74.0,57.0,21.0,146.0,0.0,48.0,533.0,375.0,17.0,256.0,14.0,22.0
BOX,1988,123.0,36.0,18.0,153.0,0.0,76.0,834.0,299.0,0.0,380.0,47.0,52.0
DESGR,1988,116.0,50.0,36.0,157.0,0.0,39.0,753.0,471.0,11.0,402.0,36.0,56.0
DESRI,1988,73.0,53.0,12.0,102.0,0.0,18.0,389.0,169.0,30.0,253.0,51.0,31.0
DESST,1988,75.0,63.0,12.0,147.0,0.0,51.0,386.0,281.0,24.0,212.0,33.0,31.0
ERIOP,1988,88.0,47.0,20.0,130.0,0.0,6.0,831.0,278.0,0.0,332.0,78.0,43.0
FLORI,1988,219.0,118.0,49.0,287.0,0.0,35.0,754.0,802.0,30.0,545.0,79.0,74.0
FORES,1988,152.0,75.0,54.0,194.0,0.0,35.0,671.0,550.0,7.0,452.0,46.0,52.0
GRARI,1988,46.0,54.0,17.0,124.0,0.0,43.0,395.0,299.0,6.0,202.0,15.0,20.0
HUERF,1988,85.0,38.0,22.0,117.0,0.0,30.0,730.0,356.0,2.0,334.0,83.0,49.0
IBP,1988,123.0,53.0,19.0,124.0,0.0,85.0,689.0,283.0,4.0,405.0,57.0,52.0
LIMST,1988,75.0,35.0,21.0,96.0,0.0,36.0,537.0,224.0,30.0,260.0,75.0,43.0
MCGIB,1988,180.0,104.0,25.0,208.0,0.0,81.0,916.0,526.0,181.0,410.0,92.0,51.0
MUHLE,1988,109.0,57.0,23.0,166.0,0.0,52.0,601.0,303.0,5.0,309.0,41.0,31.0
NE,1988,87.0,45.0,20.0,102.0,0.0,8.0,485.0,209.0,102.0,270.0,50.0,43.0
NW,1988,87.0,53.0,13.0,124.0,0.0,50.0,295.0,183.0,44.0,238.0,22.0,37.0
PARKE,1988,127.0,82.0,25.0,131.0,0.0,33.0,780.0,436.0,65.0,395.0,60.0,39.0
PAST3,1988,61.0,48.0,16.0,152.0,0.0,52.0,311.0,272.0,17.0,246.0,17.0,30.0
ROAD,1988,105.0,67.0,25.0,167.0,0.0,32.0,635.0,531.0,4.0,368.0,43.0,52.0
ROBIN,1988,145.0,45.0,90.0,155.0,0.0,50.0,706.0,345.0,20.0,434.0,40.0,52.0
RODEN,1988,105.0,54.0,20.0,157.0,0.0,52.0,517.0,581.0,0.0,354.0,20.0,53.0
RUELA,1988,78.0,42.0,17.0,99.0,0.0,55.0,711.0,238.0,2.0,349.0,57.0,26.0
SW,1988,53.0,62.0,9.0,149.0,0.0,9.0,574.0,493.0,0.0,385.0,10.0,39.0
WHITE,1988,120.0,41.0,20.0,181.0,0.0,38.0,607.0,411.0,6.0,476.0,17.0,36.0
164,1989,52.0,46.0,78.0,0.0,0.0,0.0,154.0,50.0,29.0,202.0,13.0,58.0
41,1989,113.0,39.0,111.0,0.0,3.0,19.0,231.0,252.0,142.0,318.0,19.0,94.0
45,1989,118.0,50.0,113.0,0.0,12.0,17.0,251.0,117.0,26.0,270.0,17.0,71.0
AMADO,1989,76.0,23.0,76.0,0.0,5.0,3.0,103.0,173.0,120.0,232.0,44.0,45.0
BOX,1989,140.0,62.0,117.0,0.0,8.0,17.0,190.0,147.0,55.0,267.0,0.0,70.0
DESGR,1989,149.0,47.0,116.0,0.0,12.0,11.0,341.0,142.0,57.0,345.0,5.0,81.0
DESRI,1989,75.0,47.0,113.0,0.0,9.0,0.0,54.0,139.0,21.0,206.0,17.0,63.0
DESST,1989,74.0,41.0,62.0,0.0,9.0,0.0,195.0,189.0,72.0,198.0,15.0,41.0
ERIOP,1989,123.0,57.0,129.0,0.0,18.0,17.0,296.0,134.0,16.0,255.0,19.0,86.0
FLORI,1989,221.0,56.0,175.0,0.0,25.0,32.0,143.0,415.0,66.0,316.0,18.0,79.0
FORES,1989,184.0,57.0,138.0,0.0,0.0,26.0,166.0,177.0,50.0,348.0,5.0,89.0
GRARI,1989,48.0,23.0,53.0,0.0,7.0,0.0,84.0,155.0,203.0,195.0,66.0,39.0
HUERF,1989,135.0,61.0,136.0,0.0,13.0,87.0,181.0,356.0,18.0,239.0,14.0,81.0
IBP,1989,150.0,62.0,97.0,0.0,3.0,19.0,174.0,116.0,92.0,287.0,19.0,75.0
LIMST,1989,97.0,69.0,108.0,0.0,4.0,14.0,194.0,231.0,12.0,213.0,16.0,82.0
MCGIB,1989,212.0,58.0,111.0,0.0,20.0,30.0,143.0,260.0,94.0,371.0,22.0,56.0
MUHLE,1989,110.0,58.0,114.0,0.0,7.0,4.0,216.0,45.0,49.0,249.0,30.0,79.0
NE,1989,73.0,58.0,92.0,0.0,0.0,0.0,242.0,137.0,6.0,199.0,15.0,75.0
NW,1989,59.0,41.0,60.0,0.0,0.0,0.0,230.0,53.0,59.0,185.0,18.0,42.0
PARKE,1989,112.0,52.0,97.0,0.0,17.0,23.0,125.0,138.0,128.0,339.0,3.0,79.0
PAST3,1989,57.0,36.0,61.0,0.0,4.0,0.0,130.0,356.0,53.0,191.0,29.0,42.0
ROAD,1989,119.0,45.0,111.0,0.0,22.0,6.0,248.0,163.0,103.0,320.0,17.0,92.0
ROBIN,1989,180.0,70.0,95.0,0.0,7.0,40.0,199.0,181.0,120.0,305.0,20.0,55.0
RODEN,1989,98.0,41.0,107.0,0.0,6.0,15.0,206.0,109.0,65.0,272.0,12.0,83.0
RUELA,1989,132.0,34.0,96.0,0.0,12.0,21.0,194.0,108.0,29.0,261.0,26.0,66.0
SW,1989,78.0,34.0,90.0,0.0,7.0,0.0,201.0,81.0,131.0,252.0,30.0,49.0
WHITE,1989,125.0,72.0,122.0,0.0,13.0,2.0,359.0,366.0,30.0,351.0,4.0,74.0
164,1990,82.0,118.0,15.0,0.0,0.0,2.0,850.0,323.0,90.0,0.0,23.0,207.0
41,1990,111.0,104.0,46.0,25.0,17.0,119.0,1032.0,256.0,149.0,6.0,63.0,164.0
45,1990,109.0,104.0,23.0,11.0,3.0,85.0,825.0,290.0,162.0,4.0,52.0,182.0
AMADO,1990,100.0,53.0,41.0,13.0,5.0,17.0,933.0,323.0,132.0,0.0,0.0,126.0
BOX,1990,99.0,122.0,51.0,19.0,7.0,32.0,1088.0,298.0,151.0,12.0,51.0,149.0
DESGR,1990,94.0,119.0,47.0,14.0,13.0,171.0,920.0,314.0,249.0,8.0,62.0,155.0
DESRI,1990,84.0,107.0,18.0,5.0,0.0,7.0,620.0,293.0,96.0,0.0,35.0,186.0
DESST,1990,104.0,90.0,59.0,0.0,1.0,17.0,1024.0,388.0,54.0,0.0,43.0,202.0
ERIOP,1990,104.0,130.0,56.0,14.0,7.0,34.0,791.0,309.0,208.0,3.0,44.0,226.0
FLORI,1990,129.0,260.0,106.0,21.0,16.0,332.0,1115.0,394.0,385.0,38.0,99.0,241.0
FORES,1990,91.0,114.0,56.0,7.0,7.0,281.0,1007.0,304.0,359.0,0.0,59.0,164.0
GRARI,1990,92.0,63.0,151.0,15.0,0.0,25.0,773.0,322.0,124.0,9.0,30.0,150.0
HUERF,1990,104.0,149.0,73.0,8.0,0.0,20.0,833.0,364.0,166.0,5.0,63.0,223.0
IBP,1990,82.0,112.0,50.0,20.0,2.0,21.0,1138.0,315.0,123.0,19.0,66.0,142.0
LIMST,1990,84.0,141.0,71.0,3.0,0.0,7.0,678.0,320.0,156.0,0.0,45.0,201.0
MCGIB,1990,140.0,195.0,116.0,14.0,20.0,87.0,913.28,395.0,245.0,26.0,102.0,192.0
MUHLE,1990,103.0,102.0,48.0,2.0,0.0,62.0,839.0,410.0,190.0,0.0,51.0,217.0
NE,1990,93.0,141.0,42.0,5.0,0.0,0.0,866.0,364.0,56.0,0.0,43.0,233.0
NW,1990,85.0,73.0,44.0,0.0,5.0,29.0,859.0,332.0,46.0,0.0,33.0,173.0
PARKE,1990,92.0,119.0,68.0,14.0,14.0,57.0,1160.0,389.0,125.0,15.0,73.0,166.0
PAST3,1990,79.0,79.0,52.0,2.0,3.0,40.0,769.0,320.0,57.0,13.0,24.0,159.0
ROAD,1990,122.0,110.0,36.0,33.0,18.0,106.0,866.0,351.0,222.0,4.0,49.0,178.0
ROBIN,1990,107.0,215.0,110.0,15.0,0.0,0.0,913.28,379.0,166.0,35.0,95.0,180.0
RODEN,1990,105.0,91.0,32.0,11.0,2.0,30.0,926.0,328.0,283.0,0.0,42.0,172.0
RUELA,1990,85.0,101.0,75.0,0.0,0.0,30.0,942.0,421.0,126.0,17.0,48.0,134.0
SW,1990,98.0,74.0,30.0,21.0,6.0,45.0,974.0,356.0,76.0,59.0,13.0,161.0
WHITE,1990,99.0,123.0,49.0,12.0,10.0,185.0,1004.0,354.0,116.0,4.0,47.0,160.0
164,1991,113.0,195.0,121.0,1.0,0.0,39.18181818181818,116.0,198.0,61.0,46.0,69.0,197.0
41,1991,126.0,233.0,155.0,4.0,0.0,32.0,145.0,207.0,93.0,34.0,103.0,203.0
45,1991,122.0,224.0,173.0,0.0,7.0,28.0,193.0,264.0,146.0,41.0,110.0,226.0
AMADO,1991,124.0,194.0,107.0,0.0,3.8947368421052633,87.0,182.0,164.0,83.0,28.0,65.0,154.0
BOX,1991,112.0,211.0,191.0,0.0,3.0,43.0,183.0,237.0,187.0,25.0,110.0,228.0
DESGR,1991,96.0,231.0,157.0,0.0,4.0,52.0,174.0,161.0,170.0,33.0,125.0,270.0
DESRI,1991,116.0,207.0,131.0,3.0,3.8947368421052633,8.0,160.0,173.0,30.0,34.0,49.0,227.0
DESST,1991,138.0,212.0,128.0,0.0,6.0,39.18181818181818,104.0,156.0,89.0,33.0,82.0,220.0
ERIOP,1991,133.0,230.0,172.0,2.0,3.8947368421052633,25.0,253.0,286.0,127.0,49.0,100.0,250.0
FLORI,1991,180.0,236.0,382.0,0.0,0.0,97.0,118.0,492.0,124.0,75.0,125.0,395.0
FORES,1991,112.0,239.0,199.0,0.0,10.0,55.0,130.0,256.0,147.0,56.0,139.0,261.0
GRARI,1991,101.0,195.0,127.0,12.0,3.8947368421052633,69.0,88.0,164.0,111.0,36.0,29.0,56.0
HUERF,1991,139.0,238.0,179.0,8.0,3.8947368421052633,33.0,205.0,413.0,83.0,68.0,98.0,290.0
IBP,1991,108.0,201.0,190.0,0.0,3.0,37.0,199.0,176.0,209.0,26.0,112.0,247.0
LIMST,1991,125.0,188.0,162.0,0.0,6.0,39.18181818181818,188.0,257.0,34.0,55.0,122.0,221.0
MCGIB,1991,169.0,225.0,279.0,0.0,0.0,58.0,247.0,222.44,112.76,41.28,92.2,225.08
MUHLE,1991,150.0,280.0,162.0,1.0,4.0,13.0,148.0,259.0,89.0,60.0,117.0,256.0
NE,1991,131.0,200.0,145.0,0.0,0.0,23.0,147.0,174.0,20.0,56.0,115.0,220.0
NW,1991,127.0,194.0,124.0,2.0,6.0,39.18181818181818,79.0,189.0,126.0,40.0,88.0,201.0
PARKE,1991,144.0,202.0,185.0,0.0,16.0,39.0,210.0,285.0,181.0,43.0,122.0,258.0
PAST3,1991,96.0,212.0,106.0,6.0,0.0,17.0,71.0,142.0,89.0,39.0,44.0,187.0
ROAD,1991,103.0,233.0,192.0,9.0,0.0,47.0,112.0,105.0,102.0,29.0,52.0,205.0
ROBIN,1991,150.0,215.69230769230768,168.34615384615384,2.269230769230769,3.8947368421052633,39.18181818181818,160.69230769230768,222.44,112.76,41.28,92.2,225.08
RODEN,1991,119.0,217.0,153.0,0.0,9.0,34.0,206.0,153.0,110.0,43.0,70.0,186.0
RUELA,1991,112.0,171.0,180.0,1.0,3.8947368421052633,23.0,202.0,298.0,204.0,15.0,99.0,231.0
SW,1991,141.0,196.0,111.0,6.0,0.0,28.0,197.0,209.0,83.0,45.0,67.0,196.0
WHITE,1991,101.0,244.0,166.0,4.0,3.8947368421052633,14.0,121.0,143.0,121.0,23.0,93.0,242.0
164,1992,45.0,63.0,168.0,18.0,70.0,3.625,179.0,381.0,9.0,10.7,1.0,345.0
41,1992,106.0,84.0,336.0,24.0,64.0,9.0,287.0,684.0,207.0,10.7,6.0,410.0
45,1992,105.0,105.0,314.0,28.0,158.0,1.0,292.0,433.0,83.0,10.7,10.0,384.0
AMADO,1992,131.0,74.0,327.0,30.0,99.0,3.625,303.0,518.0,28.0,1.0,4.0,358.0
BOX,1992,106.0,86.0,289.0,32.0,184.0,1.0,322.0,469.84615384615387,99.5,10.7,1.0,391.962962962963
DESGR,1992,116.0,66.0,293.0,37.0,132.0,1.0,369.0,482.0,143.0,10.7,11.0,435.0
DESRI,1992,54.0,40.0,175.0,17.0,206.0,3.625,149.0,336.0,55.0,10.7,3.0,374.0
DESST,1992,77.0,85.0,216.0,19.0,153.0,3.625,132.0,459.0,17.0,10.7,3.0,355.0
ERIOP,1992,97.0,66.0,257.3076923076923,28.0,220.0,3.625,352.0,336.0,110.0,11.0,4.36,421.0
FLORI,1992,204.0,100.0,447.0,36.0,215.0,1.0,517.0,559.0,146.0,7.0,6.0,594.0
FORES,1992,154.0,55.0,344.0,36.0,111.0,1.0,307.0,517.0,127.0,53.0,4.36,457.0
GRARI,1992,30.0,69.0,197.0,39.0,89.0,1.0,74.0,314.0,22.0,6.0,5.0,292.0
HUERF,1992,116.0,83.0,300.0,22.0,296.0,1.0,249.0,452.0,134.0,10.7,6.0,358.0
IBP,1992,127.0,94.0,309.0,28.0,198.0,0.0,325.0,433.0,169.0,8.0,3.0,392.0
LIMST,1992,94.0,87.0,182.0,11.0,227.0,3.625,236.0,374.0,107.0,10.7,6.0,275.0
MCGIB,1992,211.0,112.0,364.0,34.0,244.0,14.0,320.0,577.0,91.0,15.0,5.0,499.0
MUHLE,1992,113.0,88.0,305.0,12.0,164.0,3.625,198.0,545.0,33.0,10.7,6.0,432.0
NE,1992,83.0,87.0,116.0,2.0,69.0,3.625,187.0,469.84615384615387,99.5,6.0,1.0,423.0
NRNCH,1992,229.0,126.0,257.3076923076923,38.0,158.33333333333334,10.0,260.0,485.0,55.0,0.0,10.0,444.0
NW,1992,53.0,79.0,159.0,13.0,133.0,3.625,217.0,402.0,44.0,10.7,3.0,303.0
PARKE,1992,127.0,54.0,292.0,25.0,207.0,0.0,315.0,512.0,102.0,10.7,4.36,429.0
PAST3,1992,22.0,17.0,127.0,23.0,100.0,3.625,203.0,422.0,11.0,10.7,6.0,336.0
ROAD,1992,69.0,78.33333333333333,256.0,33.0,60.0,3.625,205.0,498.0,201.0,10.7,1.0,417.0
ROBIN,1992,174.0,93.0,306.0,30.0,280.0,0.0,380.0,457.0,165.0,0.0,0.0,362.0
RODEN,1992,72.0,66.0,326.0,26.0,204.0,0.0,271.0,462.0,193.0,10.7,3.0,380.0
RUELA,1992,77.0,126.0,132.0,6.0,270.0,10.0,187.0,448.0,116.0,10.7,1.0,340.0
SW,1992,83.0,58.0,217.0,25.0,44.0,8.0,204.0,490.0,50.0,10.7,3.0,351.0
WHITE,1992,143.0,52.0,193.0,30.0,78.0,3.625,350.0,640.0,169.0,10.7,5.0,417.0
164,1993,264.0,124.0,77.0,2.5714285714285716,39.0,1.9166666666666667,155.0,489.0,82.0,53.0,105.0,33.0
41,1993,314.0,180.0,117.0,2.5714285714285716,124.0,8.0,308.0,563.0,86.0,110.0,171.0,19.0
45,1993,275.0,133.0,101.0,7.0,50.0,0.0,168.0,602.0,52.0,124.0,129.0,28.0
AMADO,1993,292.0,143.0,72.0,2.5714285714285716,128.0,0.0,138.0,556.0,72.0,28.0,136.0,7.0
BOX,1993,314.0,138.0,112.0,2.0,28.0,0.0,169.0,650.0,47.0,152.0,132.0,30.0
DESGR,1993,265.0,149.0,102.0,2.0,49.0,0.0,166.0,494.0,89.0,96.0,140.0,22.0
DESRI,1993,253.0,114.0,61.0,2.5714285714285716,42.0,0.0,154.0,523.0,110.0,85.0,113.0,28.0
DESST,1993,341.0,154.0,77.0,2.5714285714285716,137.0,0.0,204.0,517.0,83.0,52.0,113.0,28.0
ERIOP,1993,314.0,159.0,155.0,4.0,18.0,0.0,115.0,665.0,55.0,94.0,138.0,30.0
FLORI,1993,471.0,225.0,190.0,0.0,66.0,0.0,418.0,628.0,80.0,126.0,198.0,47.0
FORES,1993,334.0,188.0,117.0,3.0,30.0,8.0,303.0,457.0,55.0,81.0,149.0,33.0
GRARI,1993,283.0,157.0,58.0,2.5714285714285716,137.0,0.0,105.0,603.0,37.0,55.0,108.0,15.0
HUERF,1993,406.0,141.0,167.0,0.0,21.0,23.0,180.0,777.0,189.0,109.0,131.0,40.0
IBP,1993,268.0,132.0,88.0,1.0,14.0,0.0,98.0,391.0,39.0,127.0,138.0,28.0
LIMST,1993,424.0,208.0,73.0,6.0,26.0,1.9166666666666667,204.0,550.0,74.0,100.0,124.0,47.0
MCGIB,1993,435.0,227.0,103.0,0.0,36.0,0.0,136.0,653.0,50.0,156.0,143.0,37.0
MUHLE,1993,333.0,157.0,116.0,2.5714285714285716,79.0,0.0,185.0,490.0,61.0,105.0,143.0,28.0
NE,1993,280.0,111.0,60.0,2.5714285714285716,103.0,1.9166666666666667,199.0,720.0,69.0,85.0,118.0,47.0
NRNCH,1993,420.0,228.0,282.0,0.0,5.0,0.0,106.0,405.0,52.0,142.0,120.0,26.0
NW,1993,359.0,128.0,60.0,2.5714285714285716,75.0,0.0,128.0,406.0,58.0,44.0,102.0,33.0
PARKE,1993,321.0,253.0,32.0,6.0,31.0,3.0,105.0,530.0,46.0,138.0,138.0,30.48148148148148
PAST3,1993,281.0,140.0,72.0,2.5714285714285716,150.0,0.0,136.0,529.0,43.0,55.0,112.0,15.0
ROAD,1993,320.0,165.0,131.0,2.5714285714285716,101.0,0.0,203.0,497.0,48.0,116.0,149.0,47.0
ROBIN,1993,364.0,177.0,153.0,0.0,66.85185185185185,0.0,157.0,535.0,67.07407407407408,168.0,140.0,30.0
RODEN,1993,281.0,147.0,107.0,2.5714285714285716,78.0,0.0,137.0,434.0,42.0,127.0,135.0,44.0
RUELA,1993,290.0,143.0,149.0,2.5714285714285716,2.0,4.0,171.0,487.0,72.0,129.0,125.0,53.0
SW,1993,265.0,125.0,58.0,2.5714285714285716,116.0,0.0,128.0,455.0,29.0,96.0,96.0,11.0
WHITE,1993,341.0,198.0,116.0,5.0,120.0,1.9166666666666667,248.0,569.0,91.0,110.0,154.0,17.0
164,1994,17.0,137.0,116.0,12.0,15.0,95.0,48.0,87.0,210.0,102.0,252.0,276.0
41,1994,35.0,119.0,236.0,0.0,53.0,63.0,252.0,292.0,536.0,79.0,338.0,340.0
45,1994,28.0,110.0,198.0,11.0,10.0,82.0,122.0,201.0,294.0,63.0,287.0,318.0
AMADO,1994,44.0,94.0,182.0,3.0,10.0,49.0,52.0,292.0,223.0,83.0,301.0,327.0
BOX,1994,33.0,104.0,193.0,10.0,23.0,58.0,73.0,138.0,287.0,78.0,249.0,327.0
DESGR,1994,28.0,105.0,198.0,23.0,0.0,112.0,122.0,182.0,281.0,69.0,310.0,373.0
DESRI,1994,29.0,103.0,179.0,3.0,10.0,83.0,65.0,111.0,252.0,95.0,260.0,271.0
DESST,1994,28.0,94.0,172.0,4.0,39.0,104.0,44.0,83.0,248.0,111.0,278.0,307.0
ERIOP,1994,36.0,121.0,221.0,14.0,36.0,76.0,131.0,344.0,266.0,85.0,285.0,314.0
FLORI,1994,38.0,144.0,217.0,45.0,28.0,53.0,142.0,445.0,362.0,66.0,395.0,493.0
FORES,1994,28.0,120.0,217.0,30.0,9.0,48.0,125.0,388.0,325.0,91.0,341.0,430.0
GRARI,1994,26.0,79.0,161.0,0.0,20.0,68.0,19.0,239.0,212.0,83.0,301.0,273.0
HUERF,1994,43.0,135.0,226.0,25.0,30.0,93.0,102.0,235.0,254.0,108.0,281.0,502.0
IBP,1994,28.0,94.0,199.0,11.0,58.0,52.0,96.0,305.0,247.0,79.0,252.0,356.0
LIMST,1994,33.0,127.0,184.0,41.0,14.0,50.0,94.0,96.0,303.0,85.0,253.0,278.0
MCGIB,1994,40.0,156.0,266.0,75.0,51.0,145.0,153.0,510.0,329.0,122.0,388.0,480.0
MUHLE,1994,41.0,139.0,245.0,1.0,22.0,55.0,60.0,285.0,281.0,103.0,320.0,330.0
NE,1994,25.0,102.0,178.0,25.0,24.0,53.0,114.0,102.0,206.0,90.0,263.0,276.0
NRNCH,1994,30.0,149.0,227.0,38.0,73.0,79.0,98.0,398.0,315.0,96.0,359.0,456.0
NW,1994,18.0,90.0,139.0,3.0,24.0,128.0,41.0,117.0,191.0,109.0,267.0,288.0
PARKE,1994,35.0,121.0,237.0,40.0,12.0,80.0,77.0,492.0,248.0,95.0,329.0,362.0
PAST3,1994,34.0,80.0,161.0,0.0,14.0,50.0,15.0,121.0,189.0,92.0,261.0,284.0
ROAD,1994,46.0,111.0,220.0,11.0,2.0,215.0,195.0,273.0,393.0,81.0,327.0,360.0
ROBIN,1994,40.0,110.0,250.0,39.0,44.0,106.0,92.0,397.0,334.0,120.0,300.0,408.0
RODEN,1994,25.0,120.0,211.0,10.0,31.0,56.0,146.0,298.0,415.0,79.0,311.0,320.0
RUELA,1994,33.0,94.0,226.0,16.0,21.0,32.0,62.0,209.0,171.0,75.0,220.0,297.0
SW,1994,39.0,170.0,142.0,0.0,31.0,122.0,66.0,433.0,264.0,83.0,287.0,295.0
WHITE,1994,36.0,121.0,204.0,29.0,53.0,76.0,184.0,305.0,416.0,61.0,346.0,352.0
164,1995,70.0,70.0,103.0,35.0,5.0,0.0,17.0,261.0,100.0,49.0,85.0,47.0
41,1995,94.0,195.0,76.0,47.0,9.0,0.0,121.0,228.0,103.0,57.0,80.0,64.0
45,1995,76.0,99.0,95.0,31.0,17.0,0.0,104.0,131.0,167.0,57.0,78.0,53.0
AMADO,1995,64.0,149.0,44.0,39.0,11.0,0.0,65.0,397.0,123.0,58.0,24.0,62.16
BOX,1995,72.0,66.0,56.0,31.0,14.0,0.0,61.0,175.0,169.0,45.0,66.0,57.0
DESGR,1995,100.0,124.0,91.0,40.0,2.0,0.0,30.0,165.0,149.0,48.0,67.0,60.0
DESRI,1995,54.0,58.0,86.0,28.0,5.0,0.0,50.0,207.0,262.0,46.0,78.0,62.16
DESST,1995,98.0,112.0,96.0,41.0,8.0,0.0,8.0,289.0,89.0,53.0,76.0,48.0
ERIOP,1995,94.0,78.0,52.0,68.0,0.0,0.0,68.0,206.0,175.0,56.0,78.0,62.0
FLORI,1995,161.0,221.0,94.0,63.0,15.0,0.0,156.0,255.0,122.0,65.0,88.0,84.0
FORES,1995,107.0,190.0,90.0,42.0,3.0,0.0,129.0,151.0,175.0,40.0,77.0,63.0
GRARI,1995,81.0,124.0,25.0,28.0,6.0,0.0,27.0,248.0,118.0,52.0,120.0,62.16
HUERF,1995,94.0,86.0,90.0,43.0,25.0,0.0,121.0,263.0,164.0,64.0,92.0,80.0
IBP,1995,72.0,88.0,66.0,41.0,5.0,0.0,98.0,219.0,194.0,43.0,72.0,56.0
LIMST,1995,71.0,53.0,108.0,35.0,8.0,0.0,95.0,293.0,152.0,56.0,103.0,64.0
MCGIB,1995,136.0,146.0,108.0,58.0,0.0,0.0,271.0,316.0,58.0,202.0,88.0,82.0
MUHLE,1995,90.0,129.0,62.0,47.0,9.0,0.0,36.0,204.0,199.0,69.0,74.0,64.0
NE,1995,90.0,51.0,99.0,32.0,12.0,0.0,100.0,290.0,133.0,63.0,99.0,62.0
NRNCH,1995,147.0,157.0,122.0,59.0,0.0,0.0,154.0,293.0,64.0,199.0,47.0,87.0
NW,1995,89.0,95.0,100.0,32.0,4.0,0.0,0.0,250.0,86.0,43.0,72.0,39.0
PARKE,1995,49.0,98.0,89.0,46.0,8.0,0.0,180.0,272.0,151.0,47.0,86.0,62.0
PAST3,1995,67.0,102.0,50.0,37.0,2.0,0.0,2.0,244.88888888888889,103.0,50.0,69.0,41.0
ROAD,1995,105.0,113.0,70.0,45.0,38.0,0.0,99.0,264.0,139.0,59.0,84.0,65.0
ROBIN,1995,126.0,95.0,100.0,69.0,15.0,0.0,148.0,362.0,158.0,52.0,82.0,102.0
RODEN,1995,73.0,129.0,64.0,28.0,15.0,0.0,80.0,176.0,157.0,58.0,77.0,53.0
RUELA,1995,66.0,14.0,102.0,34.0,15.0,0.0,75.0,247.0,97.0,37.0,75.0,75.0
SW,1995,65.0,88.0,49.0,45.0,11.0,0.0,51.0,197.0,142.0,64.0,71.0,25.0
WHITE,1995,130.0,165.0,71.0,34.0,14.0,0.0,127.0,253.0,142.0,58.0,79.0,59.0
AMADO,1996,6.0,81.0,25.0,0.0,0.0,25.0,198.0,399.0,148.0,160.0,0.0,0.0
BOX,1996,16.0,65.0,12.0,0.0,0.0,23.0,296.0,245.0,173.0,168.0,32.0,1.0
DESGR,1996,21.0,67.0,36.0,0.0,0.0,19.0,569.0,399.0,245.0,170.0,25.0,6.0
DESRI,1996,0.0,65.0,9.0,0.0,0.0,0.0,443.0,121.0,198.0,168.0,7.0,3.0
DESST,1996,10.0,93.0,15.0,0.0,0.0,50.0,451.0,105.0,132.0,198.0,8.0,7.0
41,1996,16.0,103.0,21.0,0.0,0.0,44.0,462.0,355.0,341.0,162.0,12.0,4.0
45,1996,10.0,54.0,0.0,0.0,0.0,18.0,319.0,391.0,262.0,170.0,0.0,6.0
164,1996,10.0,75.0,6.0,0.0,0.0,11.0,473.0,91.0,138.0,175.0,14.0,0.0
ERIOP,1996,14.0,53.0,21.0,0.0,0.0,0.0,330.0,184.0,283.0,157.0,1.0,4.0
FORES,1996,19.0,72.0,27.0,0.0,0.0,29.0,470.0,483.0,187.0,165.0,28.0,3.0
GRARI,1996,2.0,81.0,13.0,0.0,0.0,7.0,175.0,160.0,154.0,173.0,14.0,2.0
HUERF,1996,21.0,81.0,22.0,0.0,0.0,0.0,483.0,283.0,325.0,190.0,4.0,8.0
IBP,1996,22.0,64.0,20.0,0.0,0.0,33.0,294.0,265.0,191.0,179.0,39.0,3.0
LIMST,1996,12.0,71.0,12.0,0.0,0.0,13.0,289.0,283.0,209.0,165.0,9.0,6.0
MUHLE,1996,17.0,102.0,17.0,0.0,0.0,7.0,297.0,205.0,172.0,188.0,5.0,2.0
NE,1996,12.0,124.0,9.0,0.0,0.0,35.0,347.0,182.0,176.0,171.0,3.0,7.0
NW,1996,5.0,104.0,9.0,0.0,0.0,0.0,336.0,143.0,111.0,175.0,22.0,0.0
PARKE,1996,24.0,70.0,19.0,0.0,0.0,29.0,400.0,396.0,215.0,171.0,0.0,27.0
PAST3,1996,6.0,100.0,16.0,0.0,0.0,18.0,298.0,165.0,120.0,169.0,14.0,6.0
ROAD,1996,17.0,90.0,23.0,0.0,0.0,26.0,472.0,311.0,261.0,176.0,19.0,6.0
RODEN,1996,13.0,62.0,18.0,0.0,0.0,10.0,361.0,195.0,216.0,29.0,0.0,3.0
RUELA,1996,19.0,79.0,50.0,0.0,0.0,36.0,264.0,212.0,327.0,168.0,0.0,28.0
SW,1996,35.0,81.0,52.0,0.0,0.0,14.0,252.0,292.0,187.0,160.0,8.0,4.0
WHITE,1996,13.0,121.0,26.0,0.0,0.0,38.0,494.0,347.0,140.0,171.0,30.0,0.0
FLORI,1996,51.0,126.0,39.0,0.0,0.0,55.0,388.0,541.0,143.0,188.0,28.0,0.0
MCGIB,1996,44.0,82.0,21.423076923076923,0.0,0.0,42.0,434.0,462.0,214.0,175.0,13.5,5.230769230769231
ROBIN,1996,12.0,110.0,40.0,0.0,0.0,70.0,322.0,362.0,258.0,190.0,29.0,0.0
NRNCH,1996,51.0,74.0,21.423076923076923,0.0,0.0,25.0,266.0,341.0,170.0,204.0,13.5,5.230769230769231
FORES,1997,149.0,190.0,1.0,31.0,45.0,1.0,66.0,334.0,217.0,29.0,95.0,333.0
DESGR,1997,182.0,58.0,1.0,46.0,9.0,7.0,58.0,311.0,228.0,33.0,72.0,281.0
RODEN,1997,135.0,99.0,0.0,29.0,20.0,6.111111111111111,28.0,220.0,110.0,52.0,69.0,258.0
45,1997,121.0,102.0,1.0,22.0,39.0,0.0,83.0,264.0,143.0,44.0,72.0,297.0
BOX,1997,121.0,96.0,1.0,17.0,39.0,0.0,128.0,400.0,195.0,32.0,67.0,292.0
IBP,1997,146.0,118.0,0.0,14.0,50.0,11.0,138.0,314.0,270.0,30.0,81.0,296.0
PARKE,1997,133.0,146.0,1.0,17.0,83.0,28.0,201.0,357.0,275.0,50.0,110.0,344.0
RUELA,1997,125.0,114.0,0.0,14.0,69.0,1.0,109.0,292.0,143.0,33.0,99.0,327.0
ERIOP,1997,120.0,116.0,0.0,21.0,34.0,0.0,94.0,198.0,73.0,43.0,66.0,292.0
HUERF,1997,113.0,119.0,1.0,20.0,55.0,8.0,88.0,297.0,104.0,201.0,74.0,391.0
LIMST,1997,121.0,114.0,6.0,18.0,79.0,0.0,41.0,275.0,66.0,39.0,88.0,286.0
NE,1997,128.0,106.0,7.0,17.0,66.0,3.0,44.0,239.0,72.0,91.0,81.0,241.0
DESRI,1997,168.0,44.0,0.0,22.0,41.0,3.0,55.0,256.0,46.0,63.0,39.0,264.0
164,1997,129.0,100.0,4.0,19.0,96.0,0.0,22.0,149.0,142.0,122.0,33.0,209.0
NW,1997,132.0,89.0,3.0,22.0,33.0,0.0,0.0,248.0,93.0,133.0,39.0,176.0
DESST,1997,125.0,88.0,6.0,25.0,91.0,3.0,14.0,242.0,147.0,270.0,66.0,226.0
MUHLE,1997,114.0,94.0,0.0,28.0,50.0,0.0,77.0,206.0,109.0,204.0,92.0,287.0
PAST3,1997,130.0,76.0,6.0,23.0,57.0,0.0,14.0,242.0,164.0,105.0,47.0,212.0
AMADO,1997,157.0,66.0,4.0,26.0,55.0,0.0,39.0,331.0,140.0,105.0,66.0,234.0
GRARI,1997,133.0,69.0,0.0,25.0,50.0,0.0,36.0,347.0,99.0,120.0,33.0,198.0
SW,1997,120.0,124.0,0.0,17.0,30.0,3.0,36.0,270.0,121.0,83.0,61.0,264.0
41,1997,143.0,124.0,0.0,36.0,94.0,36.0,19.0,242.0,267.0,168.0,83.0,270.0
WHITE,1997,140.0,147.0,7.0,25.0,44.0,8.0,11.0,308.0,402.0,33.0,69.0,267.0
ROAD,1997,132.0,105.0,0.0,36.0,47.0,6.0,41.0,330.0,212.0,174.0,92.0,275.0
FLORI,1997,176.0,152.0,63.0,19.0,81.0,1.0,112.0,472.0,331.0,33.0,95.0,470.0
MCGIB,1997,129.0,168.0,5.0,36.0,109.0,5.0,223.0,394.0,273.0,47.0,73.0,520.0
ROBIN,1997,145.0,130.0,5.0,65.0,78.0,33.0,282.0,340.0,310.0,61.0,79.0,445.0
NRNCH,1997,140.0,152.0,12.0,31.0,100.0,8.0,240.0,318.0,236.0,36.0,87.0,499.0
AMADO,1998,3.0,382.0,176.0,6.0,0.0,0.0,358.0,237.0,138.0,124.0,61.0,99.0
BOX,1998,0.0,358.0,245.0,36.0,0.0,0.0,833.0,121.0,135.0,88.0,94.0,69.0
DESGR,1998,3.0,454.0,259.0,33.0,0.0,0.0,693.0,116.0,153.11111111111111,96.0,110.0,61.0
DESRI,1998,3.0,303.0,217.0,19.0,0.0,0.0,435.0,91.0,151.0,83.0,55.0,69.0
DESST,1998,8.0,326.0,211.0,19.0,0.0,0.0,484.0,165.0,96.0,110.0,55.0,61.0
41,1998,11.0,435.0,250.0,14.0,0.0,0.0,410.0,311.0,245.0,72.0,96.0,55.0
45,1998,3.0,391.0,256.0,25.0,0.0,0.0,778.0,201.0,124.0,96.0,69.0,69.0
164,1998,6.0,286.0,226.0,11.0,0.0,0.0,418.0,96.0,105.0,61.0,55.0,55.0
ERIOP,1998,6.0,358.0,220.0,6.0,0.0,0.0,184.0,147.8148148148148,110.0,63.0,69.0,83.0
FORES,1998,3.0,468.0,259.0,34.0,0.0,0.0,542.0,105.0,193.0,63.0,157.0,83.0
GRARI,1998,6.0,311.0,168.0,8.0,0.0,0.0,451.0,195.0,138.0,77.0,47.0,41.0
HUERF,1998,8.0,391.0,294.0,36.0,0.0,0.0,616.0,83.0,195.0,94.0,83.0,110.0
IBP,1998,0.0,385.0,226.0,39.0,0.0,0.0,800.0,83.0,151.0,91.0,102.0,83.0
LIMST,1998,0.0,331.0,268.0,22.0,0.0,0.0,569.0,69.0,228.0,72.0,91.0,88.0
MUHLE,1998,6.0,429.0,267.0,30.0,0.0,0.0,561.0,193.0,110.0,77.0,74.0,69.0
NE,1998,6.0,333.0,259.0,25.0,0.0,0.0,495.0,96.0,248.0,107.0,83.0,69.0
NW,1998,6.0,292.0,190.0,11.0,0.0,0.0,446.0,96.0,80.0,83.0,30.0,41.0
PARKE,1998,3.0,435.0,248.0,45.0,0.0,0.0,671.0,121.0,151.0,77.0,129.0,110.0
PAST3,1998,0.0,330.0,182.0,11.0,0.0,0.0,421.0,96.0,83.0,69.0,55.0,41.0
ROAD,1998,6.0,429.0,297.0,28.0,0.0,0.0,649.0,212.0,33.0,182.0,234.0,69.0
RODEN,1998,1.0,388.0,237.0,22.0,0.0,0.0,542.0,193.0,105.0,83.0,69.0,74.0
RUELA,1998,0.0,355.0,184.0,44.0,0.0,0.0,644.0,41.0,179.0,80.0,99.0,83.0
SW,1998,0.0,399.0,195.0,6.0,0.0,0.0,347.0,193.0,110.0,83.0,55.0,55.0
WHITE,1998,0.0,443.0,237.0,22.0,0.0,0.0,534.0,272.0,206.0,110.0,110.0,41.0
FLORI,1998,5.0,519.0,269.0,53.0,0.0,0.0,534.0,132.0,244.0,53.0,151.0,103.0
MCGIB,1998,6.0,472.0,328.0,52.0,0.0,0.0,704.0,152.0,181.0,58.0,91.07692307692308,73.23076923076923
ROBIN,1998,11.0,415.0,259.0,66.0,0.0,0.0,810.0,148.0,225.0,107.0,135.0,123.0
NRNCH,1998,8.0,450.0,326.0,70.0,0.0,0.0,622.0,173.0,170.0,124.0,91.07692307692308,73.23076923076923
AMADO,1999,0.0,0.0,0.0,171.0,0.0,11.0,440.0,341.0,6.0,0.0,0.0,0.0
BOX,1999,0.0,0.0,0.0,198.0,0.0,28.0,352.0,611.0,138.0,0.0,0.0,0.0
DESGR,1999,6.0,0.0,11.0,223.0,0.0,8.0,440.0,1034.0,149.0,0.0,0.0,0.0
DESRI,1999,3.0,0.0,6.0,198.0,0.0,17.0,451.0,498.0,113.0,0.0,0.0,0.0
DESST,1999,0.0,0.0,6.0,195.0,8.0,0.0,369.0,316.0,132.0,0.0,0.0,0.0
41,1999,0.0,0.0,11.0,212.0,3.0,28.0,432.0,545.0,182.0,0.0,0.0,0.0
45,1999,0.0,0.0,6.0,217.0,0.0,39.0,316.0,1295.0,179.0,0.0,0.0,0.0
164,1999,0.0,0.0,6.0,187.0,0.0,11.0,341.0,322.0,105.0,0.0,0.0,0.0
ERIOP,1999,4.461538461538462,0.0,11.0,209.0,0.0,6.0,231.0,560.0,165.0,0.0,0.0,0.0
FORES,1999,3.0,0.0,8.0,264.0,0.0,0.0,572.0,583.0,157.0,0.0,0.0,0.0
GRARI,1999,0.0,0.0,0.0,168.0,0.0,8.0,506.0,358.0,88.0,0.0,0.0,0.0
HUERF,1999,0.0,0.0,14.0,209.0,0.0,28.0,407.0,688.0,157.0,0.0,0.0,0.0
IBP,1999,3.0,0.0,3.0,198.0,0.0,50.0,311.0,479.0,107.0,0.0,0.0,0.0
LIMST,1999,0.0,0.0,11.0,190.0,0.0,30.0,374.0,663.0,99.0,0.0,0.0,0.0
MUHLE,1999,4.461538461538462,0.0,6.0,223.0,3.0,55.0,377.0,809.0,110.0,0.0,0.0,0.0
NE,1999,0.0,0.0,3.0,218.0,0.0,44.0,421.0,330.0,61.0,0.0,0.0,0.0
NW,1999,3.0,0.0,0.0,182.0,0.0,22.0,382.0,239.0,96.0,0.0,0.0,0.0
PARKE,1999,8.0,1.0,4.0,239.0,0.0,58.0,421.0,528.0,124.0,0.0,0.0,0.0
PAST3,1999,0.0,0.0,6.592592592592593,173.0,0.0,6.0,465.0,308.0,132.0,0.0,0.0,0.0
ROAD,1999,0.0,0.0,19.0,206.0,3.0,28.0,468.0,982.0,228.0,0.0,0.0,0.0
RODEN,1999,0.0,0.0,0.0,198.0,0.0,28.0,418.0,894.0,215.0,0.0,0.0,0.0
RUELA,1999,8.0,0.0,8.0,176.0,0.0,6.0,358.0,245.0,113.0,0.0,0.0,0.0
SW,1999,0.0,0.0,6.0,176.0,0.0,39.0,418.0,550.0,102.0,0.0,0.0,0.0
WHITE,1999,44.0,6.0,11.0,237.0,0.6296296296296297,17.0,589.0,822.0,228.0,0.0,0.0,0.0
FLORI,1999,10.0,0.0,10.0,311.0,0.0,21.0,849.0,635.0,239.0,0.0,0.0,0.0
MCGIB,1999,0.0,0.0,0.0,206.25925925925927,0.0,58.0,555.0,529.0,115.0,0.0,0.0,0.0
ROBIN,1999,20.0,0.0,10.0,215.0,0.0,69.0,442.0,389.0,142.0,0.0,0.0,0.0
NRNCH,1999,8.0,0.0,8.0,176.0,0.0,6.0,358.0,245.0,113.0,0.0,0.0,0.0
AMADO,2000,0.0,28.0,138.0,0.0,0.0,418.0,132.0,382.0,30.0,578.0,154.0,28.0
BOX,2000,0.0,17.0,80.0,0.0,0.0,339.6666666666667,123.58333333333333,411.08,58.416666666666664,571.84,154.0,6.0
DESGR,2000,0.0,47.0,195.0,0.0,0.0,459.0,157.0,500.0,116.0,578.0,237.0,8.0
DESRI,2000,0.0,28.0,110.0,0.0,0.0,110.0,63.0,270.0,52.0,435.0,198.0,17.0
DESST,2000,0.0,33.0,154.0,0.0,0.0,168.0,113.0,311.0,19.0,688.0,204.0,17.0
41,2000,11.0,44.0,149.0,0.0,0.0,616.0,160.0,424.0,99.0,627.0,242.0,28.0
45,2000,6.0,33.0,121.0,0.0,0.0,339.6666666666667,123.58333333333333,534.0,50.0,501.0,264.0,22.0
164,2000,0.0,39.0,110.0,0.0,0.0,107.0,74.0,187.0,33.0,550.0,215.0,6.0
ERIOP,2000,0.0,66.0,121.0,0.0,0.0,289.0,107.0,374.0,17.0,462.0,237.0,22.0
FORES,2000,6.0,58.0,151.0,0.0,0.0,556.0,165.0,594.0,58.416666666666664,710.0,270.0,6.0
GRARI,2000,0.0,17.0,138.0,0.0,0.0,278.0,63.0,578.0,17.0,567.0,259.0,22.0
HUERF,2000,0.0,39.0,127.0,0.0,0.0,303.0,105.0,212.0,52.0,506.0,226.0,0.0
IBP,2000,6.0,50.0,121.0,0.0,0.0,325.0,116.0,341.0,28.0,583.0,231.0,11.0
LIMST,2000,0.0,39.0,121.0,0.0,0.0,121.0,85.0,319.0,74.0,490.0,220.0,11.0
MUHLE,2000,0.0,50.0,135.0,0.0,0.0,300.0,151.0,272.0,52.0,564.0,325.0,22.0
NE,2000,0.0,22.0,118.0,0.0,0.0,102.0,182.0,352.0,44.0,528.0,231.0,22.0
NW,2000,0.0,17.0,110.0,0.0,0.0,162.0,69.0,226.0,44.0,633.0,190.0,6.0
PARKE,2000,6.0,61.0,138.0,0.0,0.0,448.0,184.0,457.0,50.0,671.0,242.0,17.0
PAST3,2000,0.0,28.0,116.0,0.0,0.0,198.0,104.0,360.0,6.0,583.0,165.0,17.0
ROAD,2000,0.0,50.0,149.0,0.0,0.0,541.0,118.0,632.0,110.0,564.0,300.0,22.0
RODEN,2000,0.0,14.0,135.0,0.0,0.0,410.0,165.0,536.0,77.0,517.0,281.0,0.0
RUELA,2000,0.0,44.0,146.0,0.0,0.0,325.0,88.0,336.0,47.0,528.0,198.0,17.0
SW,2000,0.0,36.0,132.0,0.0,0.0,393.0,113.0,484.0,110.0,523.0,226.0,28.0
WHITE,2000,6.0,33.0,138.0,0.0,0.0,561.0,96.0,699.0,138.0,567.0,259.0,6.0
FLORI,2000,20.0,70.0,160.0,0.0,0.0,506.0,219.0,505.0,112.0,714.0,285.0,63.0
ROBIN,2000,8.0,61.0,131.0,0.0,0.0,456.0,137.0,392.0,25.0,629.0,262.0,22.0
FORES,2001,165.0,61.0,127.0,231.0,50.0,33.0,517.0,340.0,93.0,160.0,28.0,50.0
DESGR,2001,116.0,83.0,132.0,143.0,33.0,105.0,340.0,325.0,93.0,121.0,33.0,50.0
RODEN,2001,105.0,5.0,22.0,39.0,22.0,44.0,193.0,160.0,149.0,226.0,33.0,22.0
IBP,2001,149.0,33.0,105.0,154.0,77.0,99.0,231.0,209.0,127.0,83.0,22.0,44.0
PARKE,2001,160.0,44.0,138.0,204.0,33.0,72.0,460.0,330.0,160.0,110.0,39.0,50.0
BOX,2001,121.0,39.0,121.0,154.0,66.0,94.0,190.0,181.0,66.0,105.0,33.0,33.0
45,2001,127.0,50.0,127.0,116.0,88.0,83.0,200.0,176.0,66.0,99.0,39.0,22.0
ERIOP,2001,116.0,61.0,165.0,33.0,50.0,55.0,220.0,150.0,113.0,77.0,39.0,22.0
RUELA,2001,127.0,39.0,116.0,94.0,44.0,61.0,340.0,193.0,83.0,204.0,22.0,11.0
HUERF,2001,99.0,28.0,110.0,44.0,83.0,130.0,280.0,143.0,149.0,66.0,28.0,0.0
LIMST,2001,154.0,55.0,105.0,121.0,66.0,130.0,350.0,83.0,110.0,121.0,14.0,3.0
NE,2001,143.0,33.0,110.0,94.0,83.0,170.0,325.0,143.0,77.0,99.0,11.0,0.0
DESRI,2001,138.0,50.0,149.0,55.0,61.0,83.0,230.0,127.0,83.0,83.0,8.0,3.0
164,2001,105.0,44.0,154.0,99.0,44.0,83.0,220.0,160.0,50.0,110.0,3.0,9.0
NW,2001,121.0,39.0,149.0,22.0,105.0,105.0,220.0,165.0,50.0,83.0,6.0,6.0
DESST,2001,149.0,39.0,187.0,105.0,39.0,170.0,150.0,231.0,105.0,44.0,22.0,11.0
MUHLE,2001,160.0,33.0,154.0,132.0,39.0,150.0,260.0,165.0,83.0,55.0,17.0,17.0
PAST3,2001,127.0,44.0,99.0,127.0,72.0,140.0,120.0,27.0,99.0,116.0,22.0,6.0
AMADO,2001,127.0,39.0,116.0,99.0,50.0,66.0,215.0,380.0,61.0,77.0,17.0,11.0
GRARI,2001,39.0,22.0,105.0,99.0,72.0,72.0,190.0,270.0,83.0,83.0,19.0,8.0
SW,2001,116.0,61.0,94.0,105.0,55.0,88.0,250.0,292.0,50.0,44.0,17.0,22.0
41,2001,138.0,83.0,121.0,182.0,39.0,44.0,350.0,385.0,72.0,99.0,25.0,30.0
WHITE,2001,149.0,66.0,11.0,198.0,28.0,72.0,330.0,385.0,99.0,116.0,25.0,48.0
ROAD,2001,116.0,66.0,116.0,187.0,39.0,88.0,250.0,281.0,33.0,143.0,22.0,39.0
FORES,2002,61.0,11.0,0.0,0.0,0.0,396.0,275.0,297.0,0.0,5.0,28.0,88.0
DESGR,2002,55.0,6.0,0.0,0.0,0.0,440.0,237.0,363.0,0.0,0.0,33.0,88.0
RODEN,2002,44.0,0.0,0.0,0.0,0.0,424.0,270.0,336.0,0.0,0.0,66.0,61.0
IBP,2002,33.0,0.0,0.0,0.0,0.0,457.0,165.0,374.0,0.0,5.0,11.0,83.0
PARKE,2002,22.0,6.0,0.0,0.0,0.0,462.0,182.0,352.0,0.0,0.0,55.0,105.0
BOX,2002,22.0,0.0,0.0,0.0,0.0,209.0,226.0,429.0,0.0,5.0,61.0,39.0
45,2002,17.0,0.0,0.0,0.0,0.0,413.0,160.0,446.0,0.0,0.0,17.0,44.0
ERIOP,2002,17.0,0.0,0.0,0.0,0.0,396.0,105.0,330.0,0.0,0.0,72.0,72.0
RUELA,2002,6.0,0.0,0.0,0.0,0.0,501.0,149.0,358.0,0.0,0.0,44.0,110.0
HUERF,2002,11.0,0.0,0.0,0.0,0.0,468.0,143.0,286.0,0.0,0.0,0.0,33.0
LIMST,2002,11.0,0.0,0.0,0.0,0.0,341.0,154.0,369.0,0.0,5.0,50.0,44.0
NE,2002,6.0,0.0,0.0,0.0,0.0,347.0,165.0,374.0,0.0,0.0,78.0,61.0
DESRI,2002,11.0,0.0,0.0,0.0,0.0,341.0,226.0,319.0,0.0,0.0,55.0,83.0
164,2002,0.0,0.0,0.0,0.0,0.0,286.0,286.0,231.0,0.0,0.0,61.0,55.0
NW,2002,0.0,0.0,0.0,0.0,0.0,501.0,176.0,347.0,0.0,0.0,50.0,94.0
DESST,2002,6.0,0.0,0.0,0.0,0.0,451.0,187.0,308.0,0.0,0.0,17.0,50.0
MUHLE,2002,22.0,0.0,0.0,0.0,0.0,468.0,204.0,352.0,0.0,0.0,55.0,83.0
PAST3,2002,11.0,0.0,0.0,0.0,0.0,413.0,215.0,374.0,0.0,0.0,50.0,160.0
AMADO,2002,17.0,0.0,0.0,0.0,0.0,358.0,231.0,380.0,0.0,0.0,50.0,66.0
GRARI,2002,17.0,0.0,0.0,0.0,0.0,308.0,198.0,319.0,0.0,0.0,28.0,72.0
SW,2002,22.0,0.0,0.0,0.0,0.0,468.0,319.0,308.0,0.0,0.0,55.0,28.0
41,2002,33.0,6.0,0.0,0.0,0.0,429.0,402.0,380.0,0.0,0.0,50.0,72.0
WHITE,2002,66.0,22.0,0.0,0.0,0.0,198.0,143.0,350.4782608695652,0.0,0.0,39.0,50.0
ROAD,2002,44.0,11.0,0.0,0.0,0.0,413.0,275.0,429.0,0.0,0.0,50.0,55.0
FORES,2003,5.0,172.0,34.0,7.0,14.0,0.0,447.0,237.0,223.0,93.0,168.0,79.0
DESGR,2003,0.0,160.0,21.0,7.6086309523809526,14.0,3.0,457.0,220.0,172.0,72.0,107.0,55.0
RODEN,2003,22.0,117.0,21.0,7.0,7.0,7.0,340.0,313.0,107.0,69.0,103.0,52.0
IBP,2003,0.0,107.0,22.0,5.0,7.0,0.0,375.0,296.0,72.0,69.0,103.0,58.0
PARKE,2003,3.0476190476190474,155.0,41.0,17.0,17.0,0.0,471.0,447.0,162.0,89.0,113.0,72.0
BOX,2003,0.0,152.0,21.0,0.0,152.0,17.0,471.0,337.0,89.0,79.0,117.0,38.0
45,2003,0.0,128.0,17.0,7.0,7.0,7.0,392.0,234.0,100.0,76.0,96.0,58.0
ERIOP,2003,0.0,89.0,14.0,3.4375,3.4375,3.4375,395.3125,79.0625,192.5,72.1875,106.5625,58.4375
RUELA,2003,0.0,100.0,21.0,6.875,3.4375,3.4375,398.75,171.875,68.75,85.9375,123.75,65.3125
HUERF,2003,17.0,91.0,17.0,14.0,7.0,0.0,533.0,189.0,69.0,79.0,172.0,79.0
LIMST,2003,0.0,105.0,15.0,6.875,0.0,0.0,391.875,165.0,72.1875,68.75,175.3125,72.1875
NE,2003,3.0476190476190474,96.0,7.0,6.875,0.0,0.0,250.9375,127.1875,110.0,65.3125,110.0,68.75
DESRI,2003,3.0476190476190474,91.0,5.0,12.03125,0.0,3.4375,326.5625,158.125,82.5,72.1875,130.625,61.875
164,2003,0.0,121.0,3.0,13.75,0.0,3.4375,240.625,72.1875,123.75,85.9375,130.625,58.4375
NW,2003,0.0,149.0,2.0,6.875,3.4375,6.875,213.125,106.5625,127.1875,72.1875,79.0625,30.9375
DESST,2003,5.0,142.0,24.0,10.3125,13.75,0.0,250.9375,103.125,127.1875,68.75,89.375,51.5625
MUHLE,2003,5.0,128.0,22.0,12.0,7.0,7.0,492.0,168.0,89.0,86.0,100.0,62.0
PAST3,2003,0.0,135.0,14.0,3.4375,10.3125,0.0,405.625,99.6875,61.875,68.75,48.125,37.8125
AMADO,2003,0.0,193.0,3.0,0.0,0.0,0.0,409.0,210.0,116.85227272727273,79.10795454545455,111.2159090909091,57.02840909090909
GRARI,2003,0.0,133.0,21.0,3.4375,0.0,0.0,446.875,147.8125,106.5625,89.375,72.1875,34.375
SW,2003,0.0,137.0,41.0,6.875,0.0,0.0,402.1875,89.375,206.25,110.0,48.125,30.9375
41,2003,5.0,206.0,26.0,10.0,3.0,3.0,347.0,344.0,65.0,86.0,144.0,62.0
WHITE,2003,0.0,177.0,18.956521739130434,7.6086309523809526,13.494565217391305,2.9375,390.1222826086956,202.08695652173913,116.85227272727273,79.10795454545455,111.2159090909091,57.02840909090909
ROAD,2003,5.0,184.0,24.0,7.6086309523809526,41.0,2.9375,516.0,333.0,144.0,83.0,110.0,69.0
FORES,2004,99.6875,127.1875,106.5625,76.0,0.0,31.0,457.0,107.0,7.0,117.0,48.0,65.0
DESGR,2004,79.0625,103.125,113.4375,72.0,0.0,34.0,509.0,141.0,21.0,113.0,14.0,84.0
RODEN,2004,41.25,30.9375,110.0,38.0,0.0,21.0,323.0,175.0,32.40909090909091,124.0,17.0,66.0
IBP,2004,79.0625,113.4375,99.6875,65.0,0.0,17.954545454545453,402.0,93.0,14.0,101.1304347826087,34.0,51.0
PARKE,2004,130.625,96.25,85.9375,69.0,0.0,3.0,306.0,103.0,32.40909090909091,72.0,41.0,67.0
BOX,2004,82.5,106.5625,99.6875,86.0,0.0,14.0,430.0,127.0,41.0,110.0,38.0,68.0
45,2004,65.3125,41.25,99.6875,72.0,0.0,14.0,416.0,162.0,41.0,110.0,21.0,58.0
ERIOP,2004,79.0625,44.6875,68.75,72.0,0.0,21.0,605.0,96.0,24.0,120.0,21.0,59.0
RUELA,2004,85.9375,103.125,106.28869047619048,63.78260869565217,0.0,7.0,471.0,62.0,24.0,69.0,24.0,41.0
HUERF,2004,89.375,55.0,106.5625,86.0,0.0,17.954545454545453,684.0,168.0,28.0,134.0,31.0,70.0
LIMST,2004,61.875,51.5625,116.875,65.0,0.0,17.0,399.0,83.0,24.0,127.0,28.0,61.0
NE,2004,61.875,55.0,130.625,58.0,0.0,45.0,196.0,96.0,55.0,134.0,31.0,53.0
DESRI,2004,75.625,24.0625,72.1875,48.0,0.0,7.0,426.0,134.0,14.0,103.0,34.0,53.0
164,2004,68.75,20.625,72.1875,48.0,0.0,10.0,323.0,120.0,52.0,89.0,34.0,51.0
NW,2004,51.5625,41.25,113.4375,34.0,0.0,17.0,385.0,110.0,31.0,65.0,28.0,54.0
DESST,2004,55.0,48.125,134.0625,62.0,0.0,24.0,602.0,244.0,41.0,83.0,34.0,70.0
MUHLE,2004,75.625,58.4375,134.0625,58.0,0.0,21.0,615.0,210.0,34.0,144.0,38.0,83.0
PAST3,2004,37.8125,24.0625,120.3125,55.0,0.0,10.0,385.0,168.0,34.0,55.0,14.0,67.0
AMADO,2004,73.38315217391305,60.97826086956522,106.28869047619048,76.0,0.0,7.0,320.0,134.0,31.0,76.0,24.0,78.0
GRARI,2004,96.25,37.8125,107.0,93.0,0.0,31.0,330.0,65.0,38.0,48.0,17.0,74.0
SW,2004,55.0,34.375,107.0,48.0,0.0,3.0,406.0,138.0,48.0,89.0,17.0,61.0
41,2004,68.75,41.25,110.0,45.0,0.0,17.0,275.0,120.0,62.0,113.0,21.0,85.0
WHITE,2004,75.625,85.9375,106.28869047619048,89.0,0.0,17.0,351.0,148.0,21.0,100.0,17.0,65.0
ROAD,2004,72.1875,58.4375,124.0,52.0,0.0,24.0,282.0,206.0,28.0,131.0,24.0,74.0
FORES,2005,262.0,102.0,48.0,15.4,7.700000000000032,8.80000000000001,203.5,658.9,3.29999999999993,19.8,0.0,9.0
DESGR,2005,191.0,83.0,39.0,14.3,15.4,11.00000000000006,189.2,562.1,5.500000000000078,29.7,0.0,8.0
RODEN,2005,117.0,67.0,15.0,17.6,79.2,3.300000000000028,198.0,591.8,9.899999999999984,56.1,0.0,1.0
IBP,2005,154.0,111.0,30.0,14.3,59.4,3.300000000000028,286.0,470.8,7.699999999999836,73.7,0.0,5.0
PARKE,2005,238.0,136.0,36.0,15.4,29.700000000000053,5.4999999999999805,210.1,508.2,2.2000000000001485,17.6,0.0,8.0
BOX,2005,119.0,92.0,36.0,13.2,49.5,3.300000000000028,345.4,496.1,19.8,39.6,0.0,4.0
45,2005,117.0,76.0,25.0,15.4,49.5,4.4,286.0,634.7,2.2000000000001485,55.0,0.0,2.0
ERIOP,2005,116.0,79.0,29.0,14.3,73.7,1.0999999999999768,371.8,512.6,114.4,52.8,0.0,0.0
RUELA,2005,149.30434782608697,100.0,25.0,14.300000000000088,52.8,1.0999999999999768,273.9,551.1,73.7,41.8,0.0,3.0
HUERF,2005,157.0,75.0,23.0,13.2,91.3,2.1999999999999535,253.0,484.0,143.0,52.8,0.0,0.0
LIMST,2005,119.0,77.0,29.0,13.2,66.00000000000006,0.0,225.5,305.8,32.999999999999886,45.1,0.0,0.0
NE,2005,163.0,61.0,22.391304347826086,15.4,28.6,0.0,206.8,431.2,8.80000000000001,42.9,0.0,0.0
DESRI,2005,118.0,73.0,22.0,11.0,23.1,1.1000000000000743,256.3,348.7,75.9,27.5,0.0,0.0
164,2005,111.0,65.0,14.0,13.2,67.1,0.0,213.4,401.5,23.099999999999902,40.7,0.0,0.0
NW,2005,157.0,61.0,14.0,13.2,110.0,14.300000000000088,172.7,459.8,135.3,22.0,0.0,0.0
DESST,2005,172.0,64.0,23.0,15.400000000000064,95.69999999999992,1.1000000000000743,189.2,409.2,95.69999999999992,25.3,0.0,0.0
MUHLE,2005,143.0,62.0,12.0,13.2,26.4,0.0,291.5,520.3,7.700000000000032,64.9,0.0,0.0
PAST3,2005,106.0,58.0,11.0,16.5,111.1,0.0,194.7,359.7,36.3,38.5,0.0,0.0
AMADO,2005,134.0,66.0,13.0,22.0,64.9,13.2,207.9,327.8,11.000000000000156,77.0,0.0,0.0
GRARI,2005,120.0,64.0,9.0,18.7,86.9,37.4,158.4,330.0,8.80000000000001,96.8,0.0,0.0
SW,2005,105.0,63.0,4.0,16.5,16.5,11.0,278.3,464.2,36.3,93.5,0.0,0.0
41,2005,171.0,61.0,15.0,24.2,50.6,6.600000000000056,309.1,465.3,5.499999999999884,44.0,0.0,0.0
WHITE,2005,179.0,75.0,26.0,23.100000000000094,20.899999999999945,7.700000000000032,241.2826086956522,529.1,9.899999999999984,24.2,0.0,0.0
ROAD,2005,165.0,70.0,17.0,16.499999999999943,34.10000000000006,11.0,228.8,608.3,2.2000000000001485,31.9,0.0,0.0
FORES,2006,0.0,7.699999999999983,111.1,1.0999999999999768,0.0,60.5,630.3,199.1,446.6,47.3,0.0,72.0
DESGR,2006,0.0,1.1000000000000254,83.6,0.0,0.0,75.35,469.15,336.6,390.5,40.7,0.0,65.0
RODEN,2006,0.0,11.0,72.6,0.0,0.0,71.5,386.1,350.9,305.8,26.495652173913047,0.0,52.0
IBP,2006,0.0,5.50000000000003,77.0,0.0,0.0,64.9,533.5,181.5,422.4,40.7,0.0,63.0
PARKE,2006,0.0,3.300000000000028,93.5,0.0,0.0,55.0,545.6,243.1,400.4,45.1,0.0,70.0
BOX,2006,0.0,4.4,77.0,6.600000000000056,0.0,68.19999999999992,486.2,228.8,380.6,40.7,0.0,58.0
45,2006,0.0,8.80000000000001,69.3,2.200000000000051,0.0,44.0,438.9,240.9,227.7,29.7,0.0,54.0
ERIOP,2006,0.0,9.900000000000082,68.19999999999992,1.1000000000000743,0.0,52.8,405.9,151.8,390.5,38.5,0.0,67.0
RUELA,2006,0.0,3.300000000000028,58.299999999999926,2.200000000000051,0.0,111.1,544.5,136.4,304.7,34.1,0.0,66.0
HUERF,2006,0.0,11.00000000000006,61.6,1.0999999999999768,0.0,58.3,408.1,140.8,357.5,19.8,0.0,76.0
LIMST,2006,0.0,16.5,71.5,1.0999999999999768,0.0,80.3,394.9,276.1,189.2,16.5,0.0,75.0
NE,2006,0.0,19.8,81.4,0.0,0.0,77.0,521.4,128.7,247.5,67.1,0.0,57.0
DESRI,2006,0.0,5.4999999999999805,70.4,1.0999999999999768,0.0,83.6,391.6,195.8,237.6,33.0,0.0,74.0
164,2006,0.0,5.4999999999999805,77.0,1.0999999999999768,0.0,53.9,460.9,206.8,167.2,24.2,0.0,61.0
NW,2006,0.0,14.3,71.5,0.0,0.0,77.0,435.6,275.0,152.9,9.899999999999984,0.0,53.0
DESST,2006,0.0,11.0,85.8,1.0999999999999768,0.0,50.6,431.2,227.7,193.6,12.1,0.0,55.0
MUHLE,2006,0.0,11.0,78.10000000000011,0.0,0.0,31.899999999999906,386.1,108.9,276.1,15.4,0.0,51.0
PAST3,2006,0.0,6.600000000000006,82.5,4.4,0.0,28.6,418.0,168.3,227.7,15.4,0.0,64.0
AMADO,2006,0.0,13.2,66.0,0.0,0.0,37.4,442.2,149.6,124.3,8.80000000000001,0.0,45.0
GRARI,2006,0.0,7.700000000000032,77.0,3.300000000000028,0.0,47.3,474.1,198.0,257.4,8.79999999999996,0.0,57.0
SW,2006,0.0,16.5,51.7,0.0,0.0,61.6,431.2,253.0,309.1,2.2,0.0,63.34782608695652
41,2006,0.0,13.2,79.2,1.1000000000000743,0.0,79.2,531.3,279.4,151.8,9.900000000000034,0.0,96.0
WHITE,2006,0.0,25.29999999999995,72.6,2.200000000000051,0.0,130.9,574.2,265.1,323.4,26.4,0.0,68.0
ROAD,2006,0.0,8.80000000000001,70.40000000000008,0.0,0.0,100.1,397.1,354.2,298.1,23.1,0.0,58.0
FORES,2007,160.0,6.0,92.0,73.0,11.0,35.0,538.0,523.0,165.0,10.0,196.0,109.0
DESGR,2007,114.0,3.0,61.0,46.0,13.0,17.0,452.0,347.0,216.0,11.0,143.0,78.0
RODEN,2007,84.0,1.0,35.0,44.0,1.0,5.0,388.0,386.0,169.0,32.0,160.0,68.0
IBP,2007,132.0,5.0,57.0,43.0,4.0,36.0,562.0,345.0,262.0,10.0,168.0,85.0
PARKE,2007,190.0,11.0,70.0,64.0,0.0,31.0,455.0,438.0,337.0,14.0,198.0,95.0
BOX,2007,106.0,2.0,46.0,57.0,3.0,44.0,482.0,331.0,166.0,10.0,143.0,67.0
45,2007,91.0,2.0,42.0,55.0,6.0,8.0,442.0,230.0,183.0,23.0,164.0,64.0
ERIOP,2007,98.0,0.0,47.0,46.0,8.0,21.0,448.0,341.0,134.0,17.0,141.0,68.0
RUELA,2007,121.0,2.0,41.0,50.0,3.3043478260869565,39.0,415.0,343.0,220.0,8.0,134.0,69.0
HUERF,2007,106.0,1.0,57.0,39.0,3.0,23.0,561.0,193.0,109.0,10.0,127.0,65.0
LIMST,2007,97.0,3.0,42.0,44.0,13.0,14.0,465.0,224.0,113.0,12.0,111.0,69.0
NE,2007,105.0,3.0,52.0,35.0,9.0,2.0,309.0,157.0,129.0,7.0,98.0,90.0
DESRI,2007,85.0,1.0,57.0,44.0,3.0,3.0,369.0,231.0,103.0,8.0,113.0,76.0
164,2007,74.0,0.0,30.0,32.0,0.0,2.0,261.0,189.0,65.0,7.0,110.0,95.0
NW,2007,74.0,2.0,56.0,42.0,0.0,0.0,215.0,168.0,52.0,5.0,94.0,77.0
DESST,2007,64.0,1.0,31.0,42.0,0.0,0.0,211.0,254.0,64.0,8.0,101.0,81.0
MUHLE,2007,83.0,1.0,32.0,50.0,1.0,1.0,389.0,312.0,121.0,42.0,128.0,75.0
PAST3,2007,64.0,2.0,37.0,39.0,0.0,1.0,297.0,145.0,116.0,15.0,103.0,78.0
AMADO,2007,66.0,0.0,39.0,39.0,0.0,8.0,248.0,202.0,144.0,44.0,108.0,67.0
GRARI,2007,65.0,0.0,35.0,29.0,0.0,0.0,189.0,119.0,134.0,0.0,95.0,72.0
SW,2007,68.0,0.0,47.0,39.0,0.0,13.0,356.0,329.0,262.0,0.0,103.0,67.0
41,2007,81.0,1.0,54.0,41.0,0.0,15.0,556.0,212.0,184.0,17.0,156.0,72.0
WHITE,2007,101.0,3.0,55.0,47.0,0.0,12.0,576.0,293.0,267.0,7.0,146.0,86.0
ROAD,2007,98.0,0.0,39.0,55.0,1.0,11.0,485.0,420.0,224.0,2.0,158.0,68.0
FORES,2008,37.0,107.0,26.0,0.0,55.0,204.0,616.0,410.0,150.0,19.0,66.0,98.0
DESGR,2008,19.0,100.0,25.0,0.0,46.0,210.0,658.0,464.0,146.0,7.0,47.0,72.0
RODEN,2008,13.0,98.0,21.0,0.0,42.0,79.0,499.0,442.0,195.0,0.0,55.0,69.0
IBP,2008,18.0,97.0,36.0,0.0,46.0,228.0,732.0,563.0,118.0,7.0,59.0,84.0
PARKE,2008,25.0,105.0,34.0,0.0,63.0,257.0,598.0,449.0,121.0,19.0,70.0,91.0
BOX,2008,13.0,108.0,35.0,0.0,37.0,161.0,663.0,498.0,97.0,0.0,59.0,78.0
45,2008,13.0,112.0,30.0,0.0,35.0,139.0,646.0,347.0,127.0,0.0,65.0,91.0
ERIOP,2008,14.0,118.0,42.0,0.0,34.0,215.0,585.0,283.0,195.0,0.0,66.0,105.0
RUELA,2008,10.0,123.0,30.0,0.0,41.0,141.0,794.0,322.0,224.0,0.0,75.0,83.0
HUERF,2008,12.0,116.0,29.0,0.0,34.0,97.0,697.0,343.0,135.0,0.0,66.0,106.0
LIMST,2008,11.0,121.0,25.0,0.0,39.0,68.0,557.0,210.0,162.0,0.0,67.0,135.0
NE,2008,9.0,119.0,10.0,0.0,48.0,114.0,572.0,370.0,98.0,1.0,46.0,149.0
DESRI,2008,9.0,116.0,12.0,0.0,31.0,113.0,596.0,257.0,169.0,2.0,53.0,143.0
164,2008,10.0,103.0,10.0,0.0,45.0,149.0,541.0,318.0,131.0,0.0,47.0,138.0
NW,2008,9.0,88.0,3.0,0.0,48.0,112.0,576.0,316.0,190.0,15.0,40.0,117.0
DESST,2008,10.0,84.0,10.0,0.0,52.0,96.0,619.0,287.0,179.0,20.0,46.0,129.0
MUHLE,2008,13.0,100.0,13.0,0.0,35.0,106.0,537.0,438.0,259.0,6.695652173913044,63.0,138.0
PAST3,2008,12.0,83.0,8.0,0.0,53.0,26.0,624.0,407.0,264.0,19.0,55.0,127.0
AMADO,2008,17.0,79.0,20.0,0.0,51.0,2.0,380.0,276.0,237.0,14.0,52.0,98.0
GRARI,2008,14.0,69.0,13.0,0.0,46.0,2.0,528.0,355.0,254.0,24.0,39.0,97.0
SW,2008,11.0,83.0,16.0,0.0,56.0,15.0,369.0,347.0,215.0,0.0,53.0,120.0
41,2008,20.0,95.0,29.0,0.0,44.0,22.0,386.0,349.0,222.0,0.0,59.0,73.0
WHITE,2008,15.0,94.0,31.0,0.0,37.0,140.0,541.0,435.0,200.0,5.0,63.0,78.0
ROAD,2008,18.0,102.0,28.0,0.0,40.0,92.0,567.0,430.0,166.0,2.0,58.0,70.0
FORES,2009,79.0,97.0,10.0,31.0,91.0,31.0,360.0,123.0,54.0,7.0,11.0,57.0
DESGR,2009,87.0,75.0,11.0,24.0,79.0,31.0,311.0,138.0,45.0,2.0,13.0,42.0
RODEN,2009,65.0,85.0,10.0,22.0,75.0,32.0,318.0,107.0,90.0,3.0,7.0,14.0
IBP,2009,57.0,77.0,10.0,16.0,94.0,32.0,345.0,130.0,68.0,1.0,19.0,57.0
PARKE,2009,88.0,70.0,17.0,21.0,100.0,45.0,446.0,90.0,58.0,3.0,18.0,58.0
BOX,2009,48.0,77.0,11.0,14.0,84.0,26.0,328.0,108.0,55.0,4.0,15.0,50.0
45,2009,59.0,85.0,13.0,15.0,80.0,34.0,296.0,114.0,103.0,2.0,20.0,29.0
ERIOP,2009,56.0,78.0,12.0,18.0,83.0,29.0,333.0,177.0,109.0,9.0,11.0,39.0
RUELA,2009,51.0,79.0,12.0,9.0,96.0,46.0,188.0,191.0,221.0,3.0,21.0,52.0
HUERF,2009,65.0,78.0,11.0,15.0,94.0,39.0,271.0,149.0,118.0,11.0,18.0,30.0
LIMST,2009,58.0,106.0,12.0,13.0,77.0,29.0,190.0,209.0,109.0,14.0,2.0,61.0
NE,2009,64.0,81.0,18.0,11.0,73.0,26.0,240.0,151.0,142.0,9.0,1.0,25.0
DESRI,2009,59.0,96.0,12.0,14.0,76.0,28.0,177.0,105.0,193.0,5.0,9.0,45.0
164,2009,70.0,79.0,13.0,17.0,64.0,15.0,261.0,123.0,145.0,4.0,3.0,16.0
NW,2009,54.0,59.0,8.0,20.0,67.0,18.0,318.7391304347826,136.04347826086956,219.0,3.0,36.0,12.0
DESST,2009,52.0,80.0,9.0,23.0,80.0,22.0,419.0,108.0,168.0,5.0,24.0,14.0
MUHLE,2009,61.0,81.0,9.0,20.0,74.0,26.0,424.0,179.0,113.0,5.0,10.0,26.0
PAST3,2009,47.0,76.0,10.0,19.0,67.0,21.0,579.0,179.0,19.0,4.0,29.0,14.0
AMADO,2009,50.0,80.0,25.0,18.0,64.0,45.0,306.0,91.0,210.0,9.0,22.0,15.0
GRARI,2009,65.0,68.0,13.0,18.0,56.0,11.0,428.0,175.0,21.0,2.0,17.0,32.78260869565217
SW,2009,57.0,76.0,11.0,22.0,75.0,44.0,340.0,139.0,66.0,8.0,14.0,8.0
41,2009,58.0,85.0,23.0,24.0,67.0,40.0,229.0,136.0,31.0,3.0,8.0,23.0
WHITE,2009,94.0,98.0,8.0,29.0,69.0,40.0,322.0,113.0,42.0,1.0,7.0,41.0
ROAD,2009,53.0,73.0,11.0,18.0,74.0,22.0,220.0,94.0,34.0,5.0,9.0,26.0
FORES,2010,465.0,211.0,105.0,67.0,12.0,3.0,499.0,422.0,260.0,79.0,0.0,128.0
DESGR,2010,352.0,172.0,74.0,57.0,0.0,0.0,532.0,234.0,194.0,108.0,0.0,69.0
RODEN,2010,347.0,165.0,60.0,53.0,0.0,0.0,513.0,189.0,87.0,109.0,0.0,28.0
IBP,2010,364.0,183.0,53.0,59.0,0.0,0.0,587.0,405.0,135.0,64.0,0.0,77.0
PARKE,2010,440.0,187.0,70.0,64.0,0.0,0.0,706.0,499.0,122.0,49.0,0.0,112.0
BOX,2010,344.0,169.0,52.0,50.0,0.0,0.0,476.0,337.0,90.0,53.0,0.0,62.0
45,2010,362.0,172.0,61.0,49.0,0.0,0.0,462.0,299.0,84.0,108.0,0.0,61.0
ERIOP,2010,322.0,158.0,51.0,57.0,0.0,0.0,604.0,272.0,97.0,90.0,0.0,63.0
RUELA,2010,318.0,167.0,50.0,53.0,0.0,0.0,722.0,356.0,153.0,80.0,0.0,80.0
HUERF,2010,283.0,150.0,54.0,46.0,0.0,0.0,607.0,435.0,112.0,72.0,0.0,65.0
LIMST,2010,294.0,143.0,63.0,54.0,0.0,0.0,514.0,349.0,76.0,113.0,0.0,68.0
NE,2010,250.0,134.0,62.0,41.0,0.0,0.0,399.0,145.0,138.0,76.0,0.0,81.0
DESRI,2010,278.0,138.0,59.0,39.0,0.0,0.0,370.0,430.0,208.0,90.0,0.0,63.0
164,2010,260.0,108.0,53.0,34.0,0.0,0.0,290.0,292.0,156.0,92.0,0.0,62.0
NW,2010,241.0,103.0,59.0,41.0,0.0,0.0,226.0,343.0,97.0,72.0,0.0,41.0
DESST,2010,245.0,117.0,57.0,41.0,1.0,0.0,171.0,231.0,131.0,67.0,0.0,44.0
MUHLE,2010,272.0,171.0,54.0,42.0,0.0,0.0,366.0,180.0,41.0,77.0,0.0,59.0
PAST3,2010,260.0,109.0,52.0,46.0,0.0,0.0,244.0,122.0,56.0,67.0,0.0,51.0
AMADO,2010,260.0,102.0,52.0,53.0,0.0,2.0,570.0,190.0,95.0,100.0,0.0,31.0
GRARI,2010,206.0,91.0,65.0,55.0,0.0,0.0,530.0,145.0,44.0,79.0,0.0,37.0
SW,2010,271.0,121.0,47.0,49.0,0.0,0.0,514.0,103.0,124.0,84.0,0.0,39.0
41,2010,355.0,143.0,66.0,63.0,0.0,0.0,600.0,155.0,238.0,113.0,0.0,58.0
WHITE,2010,361.0,178.0,81.0,58.0,0.0,0.0,560.0,230.0,389.0,131.0,0.0,80.0
ROAD,2010,345.0,153.0,53.0,52.0,3.0,0.0,565.0,164.0,173.0,143.0,0.0,65.0
FORES,2011,9.0,26.0,113.0,0.0,0.0,2.0,528.0,189.0,256.0,4.0,161.0,372.0
DESGR,2011,8.0,43.0,63.0,0.0,0.0,0.0,402.0,161.0,227.0,3.0,141.0,305.0
RODEN,2011,14.0,44.0,48.0,0.0,0.0,1.0,461.0,158.0,326.8695652173913,0.0,91.0,286.0
IBP,2011,7.0,55.0,58.0,0.0,0.0,0.0,311.0,341.0,316.0,7.0,141.0,289.0
PARKE,2011,10.0,57.0,64.0,0.0,0.0,1.0,334.0,240.0,191.0,6.0,141.0,337.0
BOX,2011,12.0,47.0,52.0,0.0,0.0,0.0,342.0,297.0,340.0,11.0,122.0,283.0
45,2011,44.0,14.0,52.0,0.0,0.0,0.0,424.0,286.0,362.0,2.0,111.0,285.0
ERIOP,2011,23.0,51.0,50.0,0.0,0.0,0.0,358.0,362.0,319.0,2.0,116.0,272.0
RUELA,2011,21.0,65.0,69.0,0.0,0.0,0.0,308.0,325.0,431.0,6.0,116.0,238.0
HUERF,2011,15.0,48.0,52.0,0.0,0.0,0.0,250.0,201.0,446.0,1.0,119.0,244.0
LIMST,2011,31.0,52.0,57.0,0.0,0.0,0.0,199.0,78.0,394.0,1.0,140.0,246.0
NE,2011,22.0,58.0,58.0,0.0,0.0,0.0,190.0,99.0,317.0,0.0,114.0,267.0
DESRI,2011,11.0,49.0,40.0,0.0,0.0,1.0,185.0,142.0,382.0,0.0,105.0,267.0
164,2011,13.0,46.0,39.0,0.0,0.0,0.0,162.0,76.0,317.0,0.0,77.0,265.0
NW,2011,8.0,34.0,31.0,0.0,0.0,0.0,175.0,250.0,386.0,0.0,74.0,268.0
DESST,2011,3.0,35.0,36.0,0.0,0.0,0.0,254.0,265.0,360.0,0.0,73.0,273.0
MUHLE,2011,24.0,33.0,37.0,0.0,0.0,0.0,376.0,378.0,279.0,4.0,84.0,287.0
PAST3,2011,17.0,30.0,31.0,0.0,0.0,8.0,411.0,245.0,372.0,2.0,74.0,283.0
AMADO,2011,7.0,25.0,30.0,0.0,0.0,3.0,226.0,252.0,292.0,0.0,76.0,259.0
GRARI,2011,8.0,29.0,36.0,0.0,0.0,0.0,222.0,334.0,224.0,0.0,69.0,272.0
SW,2011,3.0,26.0,35.0,0.0,0.0,1.0,289.0,288.0,289.0,0.0,78.0,285.0
41,2011,5.0,45.0,56.0,0.0,0.0,0.0,315.0,231.0,410.0,0.0,85.0,292.0
WHITE,2011,5.0,47.0,70.0,0.0,0.0,3.0,471.0,248.0,259.0,0.0,131.0,366.0
ROAD,2011,10.0,53.0,53.0,0.0,0.0,0.0,400.0,142.0,349.0,0.0,106.0,304.0
FORES,2012,21.0,37.0,48.0,39.0,13.0,99.0,389.0,241.0,476.0,0.0,56.0,209.0
DESGR,2012,11.0,35.0,41.0,28.0,7.0,96.0,430.0,223.0,300.0,0.0,26.0,171.0
RODEN,2012,6.0,25.0,51.0,23.0,3.0,28.0,428.0,167.0,139.0,0.0,33.0,139.0
IBP,2012,12.0,47.0,40.0,40.0,13.0,99.0,304.0,303.0,461.0,0.0,28.0,162.0
PARKE,2012,13.0,41.0,56.0,48.0,18.0,59.0,387.6521739130435,311.0,494.0,0.0,37.0,179.0
BOX,2012,12.0,50.0,41.0,43.0,0.0,79.0,378.0,168.0,462.0,0.0,29.0,143.0
45,2012,11.0,31.0,53.0,31.0,0.0,52.0,431.0,145.0,326.0,0.0,29.0,136.0
ERIOP,2012,12.0,44.0,45.0,40.0,2.0,56.0,424.0,133.0,365.0,0.0,33.0,124.0
RUELA,2012,12.0,52.0,44.0,46.0,8.0,57.0,551.0,146.0,317.0,0.0,29.0,135.0
HUERF,2012,12.0,42.0,40.0,47.0,2.0,28.0,419.0,189.0,215.0,3.0,32.0,87.0
LIMST,2012,12.0,35.0,43.0,56.0,3.0,31.0,326.0,188.0,107.0,0.0,44.0,123.0
NE,2012,9.0,35.0,45.0,66.0,0.0,57.0,360.0,122.0,79.0,0.0,31.0,117.0
DESRI,2012,12.0,32.0,42.0,46.0,1.0,85.0,227.0,168.0,204.0,0.0,28.0,125.0
164,2012,7.0,29.0,41.0,36.0,0.0,94.0,274.0,89.0,79.0,0.0,19.0,116.0
NW,2012,6.0,26.0,25.0,11.0,3.0,111.0,306.0,96.0,142.0,0.0,18.0,119.0
DESST,2012,10.0,26.0,25.0,12.0,1.0,81.0,374.0,151.0,140.0,0.0,20.0,110.0
MUHLE,2012,12.0,25.0,44.0,28.0,5.0,26.0,323.0,152.0,216.0,0.0,29.0,118.0
PAST3,2012,13.0,19.0,31.0,6.0,1.0,32.0,376.0,91.0,121.0,0.0,20.0,114.0
AMADO,2012,9.0,22.0,25.0,7.0,0.0,81.0,395.0,139.0,80.0,31.0,15.0,120.0
GRARI,2012,13.0,20.0,25.0,5.0,0.0,34.0,343.0,87.0,257.0,0.0,18.0,120.0
SW,2012,7.0,14.0,31.0,17.0,0.0,31.0,499.0,112.0,139.0,0.0,24.0,118.0
41,2012,17.0,21.0,41.0,22.0,4.0,46.0,474.0,113.0,124.0,0.0,28.0,156.0
WHITE,2012,14.0,24.0,51.0,18.0,9.0,88.0,460.0,139.0,219.0,4.0,29.0,183.0
ROAD,2012,11.0,24.0,52.0,17.0,6.0,57.0,425.0,165.0,139.0,2.0,31.0,147.0
FORES,2013,59.0,162.0,34.0,0.0,1.0,35.0,355.0,700.0,82.0,0.0,234.0,114.0
DESGR,2013,52.0,142.0,24.0,0.0,2.0,35.0,351.0,562.0,90.0,0.0,189.0,103.0
RODEN,2013,53.0,116.0,20.0,0.0,0.0,14.0,247.0,395.0,152.0,0.0,149.0,81.0
IBP,2013,43.0,141.0,17.0,0.0,2.0,35.0,254.0,389.0,69.0,0.0,193.0,104.0
PARKE,2013,55.0,157.0,37.0,0.0,3.0,39.0,158.0,408.0,68.0,0.0,220.0,113.0
BOX,2013,46.0,130.0,15.0,0.0,0.0,34.0,361.0,382.0,77.0,0.0,154.0,90.0
45,2013,47.0,121.0,22.0,0.0,0.0,42.0,315.0,306.0,151.0,0.0,150.0,83.0
ERIOP,2013,57.0,131.0,15.0,0.0,0.0,52.0,271.0,259.0,162.0,0.0,139.0,83.0
RUELA,2013,47.0,135.0,16.0,0.0,0.0,36.0,282.0,239.0,95.0,0.0,163.0,90.0
HUERF,2013,21.0,145.0,17.0,0.0,0.0,34.0,208.0,316.0,135.0,0.0,161.0,78.0
LIMST,2013,77.0,138.0,18.0,0.0,0.0,26.0,183.0,292.0,180.0,0.0,161.0,83.0
NE,2013,76.0,125.0,18.0,0.0,0.0,40.0,222.0,251.0,95.0,0.0,153.0,91.0
DESRI,2013,79.0,122.0,15.0,0.0,0.0,49.0,217.0,225.0,83.0,0.0,142.0,87.0
164,2013,61.0,109.0,16.0,0.0,0.0,43.0,154.0,208.0,63.0,0.0,143.0,80.0
NW,2013,51.0,105.0,9.0,0.0,0.0,29.0,108.0,159.0,69.0,0.0,160.0,75.0
DESST,2013,45.0,107.0,14.0,0.0,0.0,11.0,95.0,164.0,86.0,0.0,156.0,78.0
MUHLE,2013,53.0,105.0,19.0,0.0,0.0,19.0,221.0,232.0,81.0,0.0,138.0,86.0
PAST3,2013,31.0,92.0,15.0,0.0,0.0,8.0,259.0,179.0,131.0,0.0,153.0,84.0
AMADO,2013,32.0,85.0,8.0,0.0,0.0,25.0,305.0,192.0,152.0,0.0,186.0,85.0
GRARI,2013,32.0,74.0,8.0,0.0,0.0,28.0,232.0,128.0,75.0,0.0,178.0,83.0
SW,2013,33.0,94.0,17.0,0.0,1.0,16.0,218.0,224.0,167.0,0.0,161.0,81.0
41,2013,59.0,120.0,28.0,0.0,0.0,13.0,187.0,229.0,203.0,0.0,190.0,85.0
WHITE,2013,59.0,143.0,24.0,2.0,1.0,32.0,220.0,516.0,78.0,0.0,216.0,98.0
ROAD,2013,53.0,122.0,24.0,0.0,0.0,23.0,303.0,418.0,149.0,0.0,166.0,86.0
FORES,2014,0.0,18.0,253.0,14.0,0.0,0.0,480.0,310.0,601.0,181.0,3.0,232.2173913043478
DESGR,2014,0.0,20.0,194.0,14.0,0.0,0.0,454.0,315.0,447.0,145.0,4.0,256.0
RODEN,2014,0.0,10.0,172.0,15.0,0.0,0.0,358.0,173.0,217.0,134.0,0.0,251.0
IBP,2014,0.0,14.0,205.0,13.0,0.0,0.0,430.0,355.0,313.0,124.0,1.0,247.0
PARKE,2014,0.0,13.0,229.0,12.0,0.0,0.0,418.0,366.0,364.0,126.0,3.0,217.0
BOX,2014,0.0,11.0,160.0,10.0,0.0,0.0,315.0,239.0,278.0,163.0,0.0,224.0
45,2014,0.0,9.0,172.0,12.0,0.0,0.0,378.0,211.0,321.0,150.0,0.0,228.0
ERIOP,2014,0.0,9.0,189.1304347826087,8.0,0.0,0.0,358.0,130.0,191.0,168.0,0.0,228.0
RUELA,2014,0.0,9.0,158.0,6.0,0.0,0.0,493.0,366.0,271.0,129.0,0.0,217.0
HUERF,2014,0.0,12.0,163.0,8.0,0.0,0.0,411.0,168.0,157.0,149.0,0.0,233.0
LIMST,2014,0.0,9.0,162.0,4.0,0.0,0.0,407.0,335.0,203.0,172.0,0.0,266.0
NE,2014,0.0,7.0,188.0,3.0,0.0,0.0,402.0,463.0,185.0,130.0,0.0,263.0
DESRI,2014,0.0,8.0,164.0,6.0,0.0,0.0,389.0,276.0,224.0,116.0,0.0,262.0
164,2014,0.0,7.0,199.0,5.0,0.0,0.0,336.0,260.0,237.0,94.0,0.0,256.0
NW,2014,0.0,8.0,187.0,1.0,0.0,0.0,434.0,264.0,127.0,118.0,0.0,183.0
DESST,2014,0.0,6.0,222.0,2.0,0.0,0.0,445.0,178.0,138.0,73.0,0.0,244.0
MUHLE,2014,0.0,6.0,164.0,8.0,0.0,0.0,370.0,181.0,197.0,129.0,0.0,239.0
PAST3,2014,0.0,5.0,215.0,4.0,0.0,0.0,527.0,141.0,199.0,80.0,0.0,217.0
AMADO,2014,0.0,6.0,182.0,8.0,0.0,0.0,300.0,138.0,310.0,102.0,0.0,155.0
GRARI,2014,0.0,2.0,193.0,2.0,0.0,0.0,406.0,70.0,173.0,102.0,0.0,160.0
SW,2014,0.0,5.0,176.0,9.0,0.0,0.0,380.0,108.0,278.0,119.0,0.0,230.0
41,2014,0.0,16.0,197.0,14.0,0.0,0.0,287.0,211.0,298.0,117.0,0.0,253.0
WHITE,2014,0.0,14.0,211.0,13.0,0.0,0.0,347.0,408.0,437.0,101.0,0.0,257.0
ROAD,2014,0.0,12.0,184.0,17.0,0.0,0.0,298.0,233.0,254.0,117.0,0.0,255.0
FORES,2015,217.0,28.0,57.0,76.0,35.0,294.0,151.0,362.0,391.0,177.0,48.0,150.0
DESGR,2015,175.0,58.0,40.0,61.0,35.0,325.0,153.0,306.0,382.0,152.0,41.0,137.0
RODEN,2015,182.0,21.0,36.0,59.0,41.0,259.0,128.0,429.0,437.0,117.0,52.0,136.0
IBP,2015,197.0,41.0,49.0,79.0,36.0,303.0,191.0,415.0,372.0,198.0,43.0,132.0
PARKE,2015,230.0,31.0,62.0,84.0,43.0,305.0,250.0,588.0,454.0,200.0,50.0,135.0
BOX,2015,162.0,36.0,43.0,65.0,46.0,210.0,140.0,293.0,366.0,166.30434782608697,36.0,130.0
45,2015,161.0,23.0,33.0,58.0,45.0,210.0,174.0,334.0,409.0,175.0,47.0,117.0
ERIOP,2015,161.0,16.0,31.0,55.0,46.0,168.0,223.0,200.0,479.0,163.0,51.0,117.0
RUELA,2015,178.0,31.0,57.0,70.0,35.0,162.0,184.0,265.0,363.0,144.0,41.0,118.0
HUERF,2015,171.0,18.0,38.0,49.0,48.0,145.0,213.0,267.0,473.0,157.0,40.0,136.0
LIMST,2015,178.0,19.0,38.0,80.0,45.0,186.0,320.0,235.0,439.0,189.0,41.0,125.0
NE,2015,177.0,42.0,34.0,56.0,60.0,239.0,265.0,341.0,337.0,262.0,28.0,134.0
DESRI,2015,193.0,20.0,30.0,54.0,61.0,166.0,254.0,232.0,329.0,250.0,40.0,130.0
164,2015,178.0,74.0,20.0,51.0,59.0,228.0,200.0,220.0,316.0,211.0,25.0,137.0
NW,2015,184.0,59.0,28.0,40.0,47.0,171.0,154.0,118.0,417.0,242.0,22.0,134.0
DESST,2015,188.0,20.0,34.0,28.0,42.21739130434783,202.0,221.0,91.0,263.0,171.0,34.0,110.0
MUHLE,2015,164.0,14.0,27.0,44.0,43.0,150.0,207.0,179.0,409.0,139.0,42.0,138.0
PAST3,2015,182.0,18.0,36.0,38.0,39.0,178.0,192.0,129.0,280.0,140.0,29.0,127.0
AMADO,2015,170.0,14.0,32.0,55.0,34.0,300.0,227.0,146.0,395.0,84.0,51.0,108.0
GRARI,2015,178.0,15.0,24.0,42.0,27.0,186.0,127.0,152.0,304.0,124.0,29.0,98.0
SW,2015,161.0,12.0,26.0,46.0,40.0,280.0,233.0,214.0,400.0,145.0,54.0,109.0
41,2015,178.0,48.0,45.0,68.0,34.0,400.0,221.0,364.0,344.0,100.0,52.0,104.0
WHITE,2015,183.0,28.0,47.0,73.0,30.0,344.0,282.0,443.0,393.0,129.0,50.0,122.0
ROAD,2015,176.0,54.0,38.0,67.0,42.0,386.0,199.0,411.0,376.0,156.0,42.0,123.0
FORES,2016,165.0,0.0,3.0,70.0,14.0,142.0,579.0,386.0,511.0,13.0,18.0,228.0
DESGR,2016,201.0,0.0,4.0,55.0,17.0,189.0,529.0,487.0,406.0,0.0,18.0,118.0
RODEN,2016,210.0,0.0,7.0,64.0,5.0,261.0,378.0,256.0,332.0,0.0,18.0,132.0
IBP,2016,192.0,0.0,5.0,41.0,7.0,153.0,339.0,294.0,326.0,27.0,24.0,162.0
PARKE,2016,211.0,0.0,8.0,45.0,13.0,180.0,471.0,412.0,402.0,77.0,23.0,186.0
BOX,2016,187.0,0.0,6.0,36.0,3.0,171.0,340.0,311.0,248.0,14.0,24.0,152.0
45,2016,186.0,7.0,0.0,47.0,4.0,211.0,405.0,284.0,332.0,10.0,19.0,115.0
ERIOP,2016,198.0,0.0,7.0,40.0,0.0,118.0,454.0,286.0,307.0,26.0,24.0,109.0
RUELA,2016,183.0,0.0,8.0,39.0,2.0,161.0,340.0,368.0,328.0,70.0,21.0,155.0
HUERF,2016,189.0,0.0,6.0,39.0,0.0,224.0,467.0,395.0,229.0,58.0,20.0,101.0
LIMST,2016,193.0,0.0,7.0,36.0,6.0,307.0,447.0,389.0,210.0,54.0,18.0,103.0
NE,2016,198.0,0.0,41.0,58.0,5.0,237.0,494.0,321.0,238.0,28.0,12.0,105.0
DESRI,2016,184.0,0.0,10.0,61.0,6.0,160.0,406.0,659.0,218.0,40.0,12.0,114.0
164,2016,173.0,0.0,5.0,50.0,3.0,147.0,475.0,366.0,229.0,28.0,19.0,104.0
NW,2016,164.0,0.0,6.0,70.0,5.0,165.0,409.0,338.0,219.0,19.0,12.0,113.0
DESST,2016,173.0,0.0,5.0,72.0,12.0,213.0,458.0,290.0,185.0,18.0,8.0,103.0
MUHLE,2016,172.0,0.0,9.0,65.0,3.0,178.0,344.0,321.0,228.0,12.0,18.0,114.0
PAST3,2016,164.0,0.0,4.0,72.0,10.0,173.0,446.0,176.0,216.0,6.0,17.0,106.0
AMADO,2016,147.0,0.0,4.0,76.0,2.0,123.0,309.0,233.0,218.0,0.0,9.0,116.0
GRARI,2016,156.0,0.0,4.0,71.0,0.0,96.0,326.0,218.0,179.0,4.0,10.0,100.0
SW,2016,154.0,0.0,4.0,73.0,0.0,196.0,331.0,238.0,219.0,0.0,12.0,102.0
41,2016,172.0,0.0,5.0,94.0,7.0,231.0,369.0,371.0,248.0,9.0,14.0,151.0
WHITE,2016,179.0,0.0,5.0,77.0,10.0,259.0,563.0,482.0,334.0,0.0,9.0,164.0
ROAD,2016,180.0,0.0,7.0,75.0,7.0,303.0,355.0,323.0,280.0,6.0,14.0,120.0
FORES,2017,210.0,49.0,26.0,8.0,2.0,4.0,751.0,160.0,9.0,3.0,22.0,81.0
DESGR,2017,163.0,27.0,24.0,9.0,0.0,8.0,727.0,194.0,9.0,4.0,18.0,69.0
RODEN,2017,113.0,13.0,10.0,2.0,1.0,0.0,583.0,78.0,9.0,0.0,14.0,54.0
IBP,2017,136.0,39.0,20.0,8.0,1.0,10.0,975.0,71.0,9.0,4.0,26.0,53.0
PARKE,2017,138.0,44.0,30.0,9.0,1.0,9.0,981.0,84.0,9.0,2.0,23.0,83.0
BOX,2017,144.0,24.0,17.0,8.0,0.0,4.0,812.0,122.0,9.0,0.0,19.0,51.0
45,2017,110.0,15.0,14.0,9.0,0.0,0.0,602.0,129.0,9.0,0.0,18.0,60.0
ERIOP,2017,110.0,20.0,16.0,6.0,0.0,0.0,638.0,121.0,9.0,3.0,19.0,46.0
RUELA,2017,139.0,25.0,36.0,10.0,2.0,0.0,879.0,125.0,9.0,0.0,23.0,63.0
HUERF,2017,110.0,21.0,22.0,4.0,3.0,0.0,541.0,166.0,9.0,0.0,19.0,40.0
LIMST,2017,97.0,24.0,17.0,5.0,5.0,0.0,410.0,147.0,9.0,0.0,13.0,34.0
NE,2017,96.0,22.0,8.0,2.0,10.0,0.0,304.0,64.0,9.0,0.0,15.0,40.0
DESRI,2017,123.0,23.0,13.0,3.0,2.0,3.0,431.0,62.0,9.0,0.0,17.0,49.0
164,2017,94.0,18.0,12.0,3.0,2.0,0.0,369.0,72.0,9.0,0.0,13.0,50.0
NW,2017,119.0,20.0,14.0,5.0,4.0,0.0,299.0,98.0,9.0,0.0,10.0,44.0
DESST,2017,97.0,18.0,17.0,5.0,4.0,0.0,381.0,102.0,9.0,0.0,12.0,45.0
MUHLE,2017,97.0,17.0,8.0,7.0,1.0,0.0,407.0,95.0,9.0,0.0,15.0,56.0
PAST3,2017,116.0,19.0,15.0,7.0,1.0,1.0,479.0,118.0,9.0,0.0,13.0,52.0
AMADO,2017,130.0,12.0,8.0,10.0,3.0,9.0,474.0,129.0,9.0,0.0,15.0,59.0
GRARI,2017,120.0,9.0,15.0,8.0,4.0,7.0,378.0,194.0,9.0,0.0,13.0,49.0
SW,2017,100.0,9.0,10.0,8.0,2.0,1.0,531.0,116.0,9.0,0.0,16.0,58.0
41,2017,129.0,18.0,9.0,10.0,4.0,5.0,648.0,174.0,9.0,9.0,13.0,72.0
WHITE,2017,155.0,23.0,24.0,10.0,2.0,6.0,912.0,195.0,9.0,0.0,19.0,71.0
ROAD,2017,118.0,12.0,9.0,8.0,0.0,0.0,663.0,160.0,9.0,0.0,16.0,57.0
FORES,2018,30.0,366.0,3.0,0.0,0.0,222.0,236.0,331.0,403.0,410.0,0.0,246.0
DESGR,2018,24.0,322.0,2.0,0.0,0.0,279.0,225.0,262.0,465.0,398.0,0.0,224.0
RODEN,2018,26.0,366.0,2.0,0.0,0.0,295.0,332.0,275.0,560.0,352.0,0.0,154.0
IBP,2018,27.0,404.0,5.0,0.0,0.0,289.0,396.0,310.0,329.0,348.0,0.0,187.0
PARKE,2018,31.0,349.0,5.0,0.0,0.0,226.0,384.0,301.0,336.0,368.0,0.0,192.0
BOX,2018,25.0,315.0,3.0,0.0,0.0,305.0,352.0,240.0,379.0,398.0,0.0,200.0
45,2018,23.0,356.0,3.0,0.0,0.0,289.0,345.0,334.0,380.0,414.0,0.0,189.0
ERIOP,2018,23.0,338.0,2.0,0.0,0.0,232.0,341.0,306.0,408.0,366.0,0.0,172.0
RUELA,2018,29.0,311.0,4.0,0.0,0.0,294.0,451.0,212.0,453.0,420.0,0.0,206.0
HUERF,2018,24.0,321.0,3.0,0.0,0.0,171.0,444.0,192.0,469.0,327.0,0.0,176.0
LIMST,2018,26.0,339.0,3.0,0.0,0.0,119.0,411.0,213.0,419.0,338.0,0.0,183.0
NE,2018,21.0,365.0,4.0,0.0,0.0,103.0,193.0,188.0,485.0,277.0,0.0,198.0
DESRI,2018,25.0,384.0,1.0,0.0,0.0,139.0,270.0,247.0,499.0,269.0,0.0,202.0
164,2018,15.0,368.0,2.0,0.0,0.0,106.0,175.0,349.0,409.0,256.0,0.0,203.0
NW,2018,5.0,368.0,2.0,0.0,0.0,93.0,253.0,189.0,331.0,330.0,0.0,197.0
DESST,2018,8.0,393.0,2.0,0.0,0.0,112.0,260.0,195.0,353.0,322.0,0.0,205.0
MUHLE,2018,19.0,405.0,2.0,0.0,0.0,171.0,337.0,134.0,360.0,253.0,0.0,188.0
PAST3,2018,7.0,409.0,2.0,0.0,0.0,180.0,219.0,201.0,407.0,350.0,0.0,185.0
AMADO,2018,5.0,407.0,2.0,0.0,0.0,160.0,156.0,313.0,474.0,385.0,0.0,175.0
GRARI,2018,0.0,410.0,0.0,0.0,0.0,144.0,175.0,235.0,435.0,359.0,0.0,154.0
SW,2018,19.0,402.0,2.0,0.0,0.0,195.0,187.0,184.0,508.0,329.0,0.0,141.0
41,2018,28.0,378.0,2.0,0.0,0.0,196.0,160.0,275.0,416.0,386.0,0.0,161.0
WHITE,2018,23.0,336.0,0.0,0.0,0.0,220.0,187.0,267.0,462.0,364.0,0.0,201.0
ROAD,2018,25.0,365.0,1.0,0.0,0.0,206.0,191.0,232.0,506.0,341.0,0.0,200.0
FORES,2019,126.0,285.0,140.0,3.0,133.0,74.0,206.0,353.0,465.0,0.0,458.0,150.0
DESGR,2019,126.0,248.0,97.0,2.0,84.0,40.0,160.0,573.0,339.0,0.0,382.0,146.0
RODEN,2019,153.0,253.0,86.0,3.0,43.0,17.0,164.0,510.0,269.0,0.0,308.0,152.0
IBP,2019,150.0,252.0,96.0,6.0,82.0,28.0,184.0,403.0,409.0,0.0,371.0,131.0
PARKE,2019,157.0,272.0,64.0,50.0,80.0,37.0,239.0,325.0,482.0,0.0,441.0,139.0
BOX,2019,143.0,239.0,84.0,4.0,59.0,12.0,154.0,359.0,371.0,0.0,369.0,137.0
45,2019,147.0,258.0,85.0,3.0,63.0,5.0,125.0,339.0,280.0,0.0,305.0,150.0
ERIOP,2019,151.0,244.0,75.0,4.0,47.0,3.0,187.0,180.0,396.0,0.0,291.0,151.0
RUELA,2019,146.0,254.0,90.0,23.0,59.0,15.0,265.0,233.0,615.0,0.0,318.0,153.0
HUERF,2019,182.0,240.0,78.0,8.0,36.0,3.0,264.0,253.0,420.0,0.0,279.0,164.0
LIMST,2019,174.0,273.0,77.0,10.0,0.0,33.0,231.0,215.0,456.0,0.0,279.0,190.0
NE,2019,179.0,251.0,74.0,4.0,20.0,17.0,232.0,188.0,389.0,0.0,238.0,160.0
DESRI,2019,158.0,253.0,80.0,4.0,37.0,0.0,162.0,159.0,304.0,0.0,109.0,187.0
164,2019,125.0,244.0,72.0,3.0,32.0,0.0,196.0,146.0,290.0,0.0,105.0,168.0
NW,2019,117.0,248.0,78.0,1.0,46.0,0.0,147.0,144.0,293.0,0.0,278.0,164.0
DESST,2019,103.0,227.0,76.0,0.0,67.0,0.0,166.0,133.0,300.0,0.0,91.0,178.0
MUHLE,2019,117.0,251.0,80.0,0.0,47.0,5.0,173.0,228.0,268.0,0.0,100.0,185.0
PAST3,2019,95.0,250.0,81.0,0.0,84.0,9.0,216.0,119.0,275.0,0.0,93.0,182.0
AMADO,2019,101.0,264.0,92.0,3.0,45.0,8.0,213.0,205.0,260.0,0.0,279.0,200.0
GRARI,2019,112.0,237.0,82.0,5.0,39.0,8.0,269.0,221.0,330.0,0.0,81.0,172.0
SW,2019,129.0,246.0,85.0,5.0,0.0,8.0,178.0,203.0,247.0,0.0,271.0,129.0
41,2019,137.0,277.0,45.0,39.0,67.0,58.0,211.0,443.0,299.0,0.0,318.0,174.0
WHITE,2019,136.0,273.0,103.0,3.0,77.0,84.0,193.0,323.0,359.0,0.0,138.0,160.0
ROAD,2019,109.0,241.0,70.0,21.0,63.0,16.0,171.0,559.0,388.0,0.0,118.0,146.0
FORES,2020,101.0,141.0,150.0,49.0,100.0,0.0,310.0,94.0,2.0,2.0,53.0,40.0
DESGR,2020,96.0,107.0,103.0,47.0,68.0,0.0,273.0,53.0,3.0,1.0,57.0,42.0
RODEN,2020,87.0,98.0,71.0,14.0,37.0,0.0,214.0,50.0,6.0,0.0,54.0,43.0
IBP,2020,91.0,112.0,99.0,34.0,54.0,0.0,211.0,90.0,5.0,2.0,49.0,40.0
PARKE,2020,105.0,123.0,128.0,35.0,66.0,0.0,282.0,38.0,4.0,4.0,38.0,36.0
BOX,2020,86.0,51.0,145.0,36.0,38.0,0.0,133.0,71.0,4.0,3.0,60.0,42.0
45,2020,89.0,92.0,91.0,24.0,49.0,0.0,118.0,43.0,5.0,2.0,66.0,45.0
ERIOP,2020,85.0,90.0,90.0,26.0,53.0,3.0,124.0,74.0,4.0,1.0,62.0,41.0
RUELA,2020,99.0,113.0,95.0,34.0,52.0,6.0,178.0,52.0,0.0,2.0,48.0,52.0
HUERF,2020,92.0,93.0,96.0,33.0,21.0,7.0,118.0,83.0,13.0,2.0,59.0,48.0
LIMST,2020,89.0,97.0,91.0,26.0,55.0,5.0,123.0,86.0,12.0,3.0,49.0,53.0
NE,2020,86.0,88.0,68.0,27.0,106.0,0.0,71.0,65.0,3.0,2.0,38.0,45.0
DESRI,2020,86.0,89.0,62.0,19.0,53.0,0.0,182.0,90.0,18.0,3.0,36.0,50.0
164,2020,76.0,96.0,58.0,8.0,78.0,4.0,52.0,30.0,9.0,0.0,34.0,45.0
NW,2020,72.0,123.0,68.0,11.0,105.0,0.0,51.0,39.0,0.0,3.0,23.0,39.0
DESST,2020,77.0,84.0,63.0,8.0,93.0,0.0,55.0,50.0,0.0,0.0,13.0,43.0
MUHLE,2020,86.0,87.0,65.0,9.0,80.0,6.0,138.0,73.0,0.0,7.0,69.0,46.0
PAST3,2020,79.0,79.0,65.0,10.0,22.0,0.0,81.0,46.0,0.0,6.0,23.0,42.0
AMADO,2020,97.0,106.0,75.0,12.0,31.0,0.0,137.0,7.0,0.0,4.0,38.0,39.0
GRARI,2020,82.0,79.0,72.0,13.0,7.0,0.0,84.0,32.0,0.0,0.0,18.0,38.0
SW,2020,142.0,86.0,62.0,10.0,24.0,0.0,118.0,47.0,2.0,7.0,58.0,40.0
41,2020,101.0,98.0,84.0,11.0,104.0,0.0,100.0,46.0,7.0,0.0,53.0,39.0
WHITE,2020,101.0,107.0,90.0,46.0,89.0,3.0,163.0,44.0,8.0,2.0,53.0,44.0
ROAD,2020,96.0,96.0,85.0,24.0,45.0,0.0,233.0,47.0,3.0,3.0,50.0,42.0
FORES,2021,182.0,0.0,46.0,19.0,0.0,5.0,710.0,606.0,303.0,0.0,0.0,160.0
DESGR,2021,161.0,0.0,43.0,10.0,0.0,4.0,742.0,568.0,266.0,0.0,1.0,147.0
RODEN,2021,148.0,0.0,41.0,18.0,0.0,23.0,621.0,518.0,206.0,0.0,0.0,142.0
IBP,2021,169.0,0.0,62.0,14.0,0.0,7.0,835.0,576.0,321.0,0.0,0.0,146.0
PARKE,2021,146.0,0.0,57.0,16.0,0.0,0.0,844.0,703.0,321.0,0.0,0.0,157.0
BOX,2021,167.0,0.0,60.0,25.0,0.0,9.0,803.0,643.0,295.0,0.0,0.0,143.0
45,2021,154.0,0.0,47.0,21.0,0.0,16.0,683.0,590.0,223.0,0.0,0.0,143.0
ERIOP,2021,157.0,0.0,35.0,10.0,0.0,27.0,792.0,578.0,269.0,3.0,0.0,148.0
RUELA,2021,189.0,0.0,47.0,17.0,0.0,9.0,907.0,539.0,267.0,0.0,0.0,132.0
HUERF,2021,130.0,0.0,38.0,12.0,0.0,14.0,896.0,475.0,198.0,0.0,0.0,144.0
LIMST,2021,162.0,0.0,42.0,1.0,0.0,3.0,969.0,333.0,230.0,0.0,0.0,143.0
NE,2021,192.0,0.0,37.0,1.0,0.0,5.0,987.0,242.0,165.0,0.0,0.0,145.0
DESRI,2021,149.0,0.0,35.0,0.0,0.0,13.0,1001.0,375.0,196.0,0.0,0.0,137.0
164,2021,134.0,0.0,28.0,4.0,0.0,16.0,845.0,294.0,114.0,0.0,0.0,144.0
NW,2021,142.0,0.0,20.0,9.0,0.0,25.0,758.0,465.0,153.0,0.0,0.0,137.0
DESST,2021,129.0,0.0,26.0,5.0,0.0,31.0,846.0,465.0,124.0,0.0,0.0,138.0
MUHLE,2021,140.0,0.0,32.0,2.0,0.0,11.0,691.0,458.0,219.0,0.0,5.0,151.0
PAST3,2021,154.0,0.0,24.0,8.0,0.0,2.0,685.0,328.0,152.0,0.0,0.0,149.0
AMADO,2021,174.0,0.0,22.0,3.0,0.0,42.0,560.0,458.0,189.0,0.0,0.0,133.0
GRARI,2021,148.0,0.0,23.0,18.0,0.0,28.0,604.0,502.0,245.0,0.0,0.0,138.0
SW,2021,146.0,0.0,33.0,3.0,0.0,54.0,611.0,385.0,255.0,9.0,0.0,127.0
41,2021,172.0,0.0,32.0,13.0,0.0,27.0,678.0,527.0,268.0,0.0,0.0,136.0
WHITE,2021,167.0,0.0,34.0,12.0,0.0,7.0,846.0,507.0,305.0,0.0,0.0,137.0
ROAD,2021,158.0,0.0,36.0,14.0,0.0,20.0,721.0,548.0,203.0,0.0,0.0,141.0
FORES,2022,11.0,87.0,73.0,0.0,0.0,156.0,617.0,651.0,464.0,188.0,35.0,140.0
DESGR,2022,5.0,65.0,81.0,0.0,0.0,137.0,671.0,454.0,277.0,123.0,25.0,134.0
RODEN,2022,4.0,58.0,64.0,0.0,0.0,146.0,477.0,511.0,178.0,124.0,13.0,139.0
IBP,2022,5.0,69.0,100.0,0.0,0.0,216.0,571.0,726.0,326.0,163.0,24.0,152.0
PARKE,2022,0.0,83.0,80.0,0.0,0.0,163.0,556.0,852.0,429.0,162.0,35.0,139.0
BOX,2022,6.0,60.0,92.0,0.0,0.0,265.0,451.0,530.0,210.0,127.0,24.0,134.0
45,2022,9.0,57.0,60.0,0.0,0.0,227.0,373.0,518.0,156.0,134.0,16.0,135.0
ERIOP,2022,0.0,67.0,68.0,2.0,0.0,168.0,328.0,489.0,146.0,107.0,12.0,136.0
RUELA,2022,6.0,58.0,53.0,22.0,0.0,160.0,305.0,501.0,223.0,166.0,33.0,154.0
HUERF,2022,0.0,58.0,88.0,0.0,0.0,214.0,284.0,558.0,156.0,135.0,15.0,143.0
LIMST,2022,0.0,58.0,75.0,0.0,0.0,200.0,329.0,611.0,198.0,97.0,18.0,141.0
NE,2022,9.0,69.0,61.0,0.0,0.0,66.0,238.0,474.0,231.0,102.0,21.0,146.0
DESRI,2022,14.0,57.0,74.0,0.0,0.0,102.0,263.0,511.0,192.0,103.0,17.0,141.0
164,2022,0.0,51.0,81.0,0.0,0.0,71.0,260.0,298.0,191.0,51.0,16.0,141.0
NW,2022,7.0,53.0,83.0,0.0,0.0,53.0,282.0,232.0,170.0,50.0,8.0,140.0
DESST,2022,9.0,53.0,68.0,0.0,0.0,74.0,273.0,263.0,200.0,55.0,11.0,148.0
MUHLE,2022,6.0,49.0,68.0,0.0,0.0,166.0,399.0,368.0,165.0,109.0,17.0,145.0
PAST3,2022,0.0,49.0,102.0,0.0,0.0,119.0,259.0,416.0,280.0,50.0,37.0,147.0
AMADO,2022,2.0,39.0,46.0,0.0,0.0,72.0,470.0,406.0,197.0,69.0,4.0,153.0
GRARI,2022,6.0,42.0,42.0,0.0,0.0,94.0,500.0,392.0,381.0,140.0,5.0,142.0
SW,2022,10.0,45.0,44.0,2.0,0.0,124.0,444.0,597.0,169.0,121.0,7.0,148.0
41,2022,2.0,49.0,66.0,0.0,0.0,64.0,595.0,456.0,192.0,75.0,5.0,165.0
WHITE,2022,10.0,49.0,85.0,0.0,0.0,86.0,741.0,348.0,200.0,125.0,13.0,171.0
ROAD,2022,2.0,52.0,74.0,0.0,0.0,101.0,534.0,425.0,168.0,76.0,15.0,164.0
FORES,2023,252.0,178.0,84.0,0.0,19.0,0.0,240.0,275.0,77.0,46.0,39.0,212.0
DESGR,2023,189.0,149.0,96.0,0.0,34.0,0.0,176.0,343.0,130.0,49.0,35.0,185.0
RODEN,2023,109.0,135.0,77.0,0.0,27.0,0.0,262.0,329.0,53.0,47.0,29.0,174.0
IBP,2023,162.0,144.0,98.0,0.0,30.0,0.0,311.0,318.0,88.0,60.0,30.0,176.0
PARKE,2023,214.0,142.0,74.0,0.0,19.0,0.0,380.0,318.0,27.0,51.0,34.0,192.0
BOX,2023,150.0,159.0,106.0,0.0,30.0,0.0,279.0,404.0,35.0,52.0,30.0,178.0
45,2023,118.0,148.0,89.0,0.0,38.0,0.0,328.0,369.0,57.0,29.0,29.0,178.0
ERIOP,2023,120.0,155.0,92.0,0.0,26.0,0.0,266.0,355.0,78.0,22.0,29.0,180.0
RUELA,2023,129.0,149.0,92.0,0.0,24.0,0.0,183.0,246.0,44.0,17.0,30.0,190.0
HUERF,2023,112.0,155.0,95.0,0.0,22.0,0.0,131.0,298.0,82.0,8.0,29.0,175.0
LIMST,2023,107.0,152.0,109.0,0.0,26.0,0.0,150.0,234.0,88.0,7.0,29.0,126.0
NE,2023,116.0,107.0,63.0,0.0,38.0,0.0,125.0,243.0,48.0,17.0,26.0,152.0
DESRI,2023,130.0,134.0,87.0,0.0,29.0,0.0,178.0,402.0,92.0,0.0,33.0,159.0
164,2023,107.0,85.0,67.0,0.0,18.0,0.0,132.0,324.0,91.0,13.0,27.0,140.0
NW,2023,122.0,72.0,64.0,0.0,39.0,0.0,170.0,292.0,162.0,33.0,37.0,150.0
DESST,2023,99.0,70.0,70.0,0.0,50.0,0.0,143.0,312.0,148.0,15.0,28.0,146.0
MUHLE,2023,110.0,129.0,82.0,0.0,18.0,0.0,162.0,240.0,86.0,19.0,28.0,156.0
PAST3,2023,103.0,77.0,67.0,0.0,31.0,0.0,134.0,289.0,77.0,32.0,39.0,143.0
AMADO,2023,82.0,97.0,53.0,0.0,32.0,0.0,47.0,302.0,16.0,37.0,24.0,152.0
GRARI,2023,111.0,68.0,61.0,0.0,29.0,0.0,92.0,292.0,50.0,38.0,42.0,158.0
SW,2023,89.0,116.0,73.0,0.0,47.0,0.0,109.0,314.0,17.0,32.0,25.0,154.0
41,2023,103.0,151.0,72.0,0.0,27.0,0.0,171.0,336.0,64.0,29.0,37.0,172.0
WHITE,2023,146.0,165.0,83.0,0.0,41.0,0.0,176.0,323.0,54.0,40.0,33.0,194.0
ROAD,2023,105.0,132.0,79.0,0.0,48.0,0.0,161.0,462.0,78.0,54.0,34.0,168.0
FORES,2024,292.0,283.0,281.0,0.0,0.0,265.0,,,,,,
DESGR,2024,261.0,254.0,186.0,0.0,0.0,257.0,,,,,,
RODEN,2024,211.0,203.0,170.0,0.0,0.0,250.0,,,,,,
IBP,2024,264.0,276.0,206.0,0.0,0.0,162.0,,,,,,
PARKE,2024,287.0,251.0,216.0,0.0,0.0,150.0,,,,,,
BOX,2024,248.0,220.0,195.0,0.0,0.0,157.0,,,,,,
45,2024,227.0,200.0,175.0,0.0,0.0,150.0,,,,,,
ERIOP,2024,232.0,209.0,154.0,0.0,0.0,164.0,,,,,,
RUELA,2024,251.0,240.0,192.0,0.0,0.0,167.0,,,,,,
HUERF,2024,251.0,210.0,174.0,0.0,0.0,113.0,,,,,,
LIMST,2024,247.0,234.0,171.0,0.0,0.0,123.0,,,,,,
NE,2024,211.0,210.0,122.0,0.0,0.0,142.0,,,,,,
DESRI,2024,248.0,210.0,141.0,0.0,0.0,99.0,,,,,,
164,2024,205.0,187.0,120.0,0.0,0.0,133.0,,,,,,
NW,2024,194.0,178.0,137.0,0.0,0.0,144.0,,,,,,
DESST,2024,203.0,190.0,139.0,0.0,0.0,116.0,,,,,,
MUHLE,2024,219.0,208.0,167.0,1.0,0.0,128.0,,,,,,
PAST3,2024,222.0,197.0,145.0,2.0,0.0,147.0,,,,,,
AMADO,2024,212.0,206.0,181.0,0.0,0.0,189.0,,,,,,
GRARI,2024,220.0,188.0,143.0,5.0,2.0,132.0,,,,,,
SW,2024,189.0,194.0,157.0,0.0,0.0,163.0,,,,,,
41,2024,226.0,221.0,190.0,0.0,0.0,195.0,,,,,,
WHITE,2024,248.0,258.0,190.0,0.0,0.0,193.0,,,,,,
ROAD,2024,218.0,203.0,187.0,0.0,0.0,206.0,,,,,,
